call_id,customer_id,agent_id,ani_hash,dnis,channel,queue_name,start_time,talk_seconds,hold_seconds,disposition_code,wrap_seconds
CALL-00000001,CUST-00001,AGT-0001,6ef80385103dbd95376cd98e7c26ee00805110408d0c47b4aa74a374e71cf2fe,18005551234,voice,SALES-Q,2026-08-01 08:00:00 UTC,60,0,ANSWERED,0
CALL-00000002,CUST-00002,AGT-0002,667f816a5bec7ec46b824c5f0d008c855b181e71d69ea148d4e9febbd573ff66,18005555678,voice,SUPPORT-Q,2026-08-01 08:11:00 UTC,73,7,ANSWERED,5
CALL-00000003,CUST-00003,AGT-0003,f35d91bdb3a0dd8c7e0ca8d3d84c13cd27b0792ccf4f7a2b46f617ee8c492bb3,18885550100,voice,RETENTION-Q,2026-08-01 08:22:00 UTC,86,14,ANSWERED,10
CALL-00000004,CUST-00004,,cf8d80f530a2dad932136e28bef1c49426d60376bd8fe51a582c974661f1a042,18885550200,chat,BILLING-Q,2026-08-01 08:33:00 UTC,0,0,ABANDONED,0
CALL-00000005,CUST-00005,AGT-0005,b6a78f072edbe3e31ec95a806d0ac5188e96cfab8b813d0cff9c4f29acba07a4,18005551234,callback,TECH-Q,2026-08-01 08:44:00 UTC,112,0,TRANSFER,20
CALL-00000006,CUST-00006,,32f1959dc4ae486b3f24a0c743278e69b37cd539962196fd770a98560282f62b,18005555678,voice,SALES-Q,2026-08-01 08:55:00 UTC,0,0,VOICEMAIL,0
CALL-00000007,CUST-00007,AGT-0007,bed48e92e3c5c9593359a909330b9ee659d0f5d86a4a167259281ab26a334d6b,18885550100,voice,SUPPORT-Q,2026-08-01 09:06:00 UTC,0,0,CALLBACK_SCHEDULED,0
CALL-00000008,CUST-00008,AGT-0008,40c85fd84f20af89fff64f7985394f328c7a66fefe4e838d9ba028ab13e54298,18885550200,voice,RETENTION-Q,2026-08-01 09:17:00 UTC,151,49,ANSWERED,35
CALL-00000009,CUST-00009,AGT-0009,5de54460a052799c0f8e01ef4d6bcedc068d54a4cb97e70e5170b40304e63558,18005551234,chat,BILLING-Q,2026-08-01 09:28:00 UTC,164,56,ANSWERED,40
CALL-00000010,CUST-00010,AGT-0010,46c5050ad4eaa781f5f9a78a1289435eda4c97528dac931e4f2ed8b5ca5d9482,18005555678,callback,TECH-Q,2026-08-01 09:39:00 UTC,177,63,ANSWERED,45
CALL-00000011,CUST-00011,,2606446328181d344be35e9fa22b391d24394ad2c3265697c34358be76650c4c,18885550100,voice,SALES-Q,2026-08-01 09:50:00 UTC,0,0,ABANDONED,0
CALL-00000012,CUST-00012,AGT-0012,befdd1f3576a42cb02fc23b5ff778275bccda1295e0efceaebbef76789e09b9f,18885550200,voice,SUPPORT-Q,2026-08-01 10:01:00 UTC,203,0,TRANSFER,55
CALL-00000013,CUST-00013,,a38689adb89e261be46e3d246aaf2f39fc3e71370d3e38189de57b0154368e86,18005551234,voice,RETENTION-Q,2026-08-01 10:12:00 UTC,0,0,VOICEMAIL,0
CALL-00000014,CUST-00014,AGT-0014,04b521bf849ef146dd6008d92f1627da3ee5c37815c66904f7d101f8b41fa2f9,18005555678,chat,BILLING-Q,2026-08-01 10:23:00 UTC,0,0,CALLBACK_SCHEDULED,0
CALL-00000015,CUST-00015,AGT-0015,7a34b8d38a9abd0a9646c1971e0683cf347705662959479035116911b251627d,18885550100,callback,TECH-Q,2026-08-01 10:34:00 UTC,242,98,ANSWERED,70
CALL-00000016,CUST-00016,AGT-0016,45d3f156f8ed3705b59ec5041712762d0f0f43e51280f69623ea5f79aeef8b8a,18885550200,voice,SALES-Q,2026-08-01 10:45:00 UTC,255,105,ANSWERED,75
CALL-00000017,CUST-00017,AGT-0017,f940e2115d7da0713f090dee70d621b560aee009bde4c82aca27dc898bfe90bd,18005551234,voice,SUPPORT-Q,2026-08-01 10:56:00 UTC,268,112,ANSWERED,80
CALL-00000018,CUST-00018,,2d87838140adb9253f5cefdb391d64e1955a6b1b7bdfa65b72e1e527ce0d22f2,18005555678,voice,RETENTION-Q,2026-08-01 11:07:00 UTC,0,0,ABANDONED,0
CALL-00000019,CUST-00019,AGT-0019,edba846fbb2c425ed30cace164894cfa7c174b58314a86d2aa30626adeb3f111,18885550100,chat,BILLING-Q,2026-08-01 11:18:00 UTC,294,0,TRANSFER,0
CALL-00000020,CUST-00020,,2ec33eef10bf8168e1aef61e54226c9df45ad9443d3c437678229466a75872fe,18885550200,callback,TECH-Q,2026-08-01 11:29:00 UTC,0,0,VOICEMAIL,0
CALL-00000021,CUST-00021,AGT-0021,299d4f5043956a60befdefa7b91b8b3dc7536ddf1df198701ad3b39c3ce6def4,18005551234,voice,SALES-Q,2026-08-01 11:40:00 UTC,0,0,CALLBACK_SCHEDULED,0
CALL-00000022,CUST-00022,AGT-0022,d53a9524e425f7a6b74aa0de64250ac2b322a8178fd10343972f9e38fe0461f8,18005555678,voice,SUPPORT-Q,2026-08-01 11:51:00 UTC,333,27,ANSWERED,15
CALL-00000023,CUST-00023,AGT-0023,a1e97ac64784fc39c5229c4f97df773be1ddbe480b23619e95d49b1dd59634be,18885550100,voice,RETENTION-Q,2026-08-01 12:02:00 UTC,346,34,ANSWERED,20
CALL-00000024,CUST-00024,AGT-0024,65e8e193d4edec915d1f70c750eb76f0dabbc6cf98eccdda9e90bf91d69951cc,18885550200,chat,BILLING-Q,2026-08-01 12:13:00 UTC,359,41,ANSWERED,25
CALL-00000025,CUST-00025,,e50598f792521afb508a1661357a685a99ac42a1d5f60a5b4166c289a12c8712,18005551234,callback,TECH-Q,2026-08-01 12:24:00 UTC,0,0,ABANDONED,0
CALL-00000026,CUST-00026,AGT-0026,e9631f0ddf0da25a491e2b0fc7b6be8820f9215efc543962826f9c41054983ac,18005555678,voice,SALES-Q,2026-08-01 12:35:00 UTC,385,0,TRANSFER,35
CALL-00000027,CUST-00027,,781a7c0e3d65e9dfd18153fdae1de57d14f68cdc01798e86f7fc86916ff6f78d,18885550100,voice,SUPPORT-Q,2026-08-01 12:46:00 UTC,0,0,VOICEMAIL,0
CALL-00000028,CUST-00028,AGT-0028,9e51fbc9021b5b1e05f3cf2f83a90bccff508b5d697214c5c4e704358a541900,18885550200,voice,RETENTION-Q,2026-08-01 12:57:00 UTC,0,0,CALLBACK_SCHEDULED,0
CALL-00000029,CUST-00029,AGT-0029,66a23adcbcd350d4ca30f0976b55dbf74c60d6923efb65043cbfc00d2b059936,18005551234,chat,BILLING-Q,2026-08-01 13:08:00 UTC,424,76,ANSWERED,50
CALL-00000030,CUST-00030,AGT-0030,f65d51858228d9e12ccf6ea7e8060f6bfc9a6c5c0f7bb8badf0b8bd4e2c93362,18005555678,callback,TECH-Q,2026-08-01 13:19:00 UTC,437,83,ANSWERED,55
CALL-00000031,CUST-00031,AGT-0031,3f1164cf408b2f13f8bf0e9d889e76f20afda0a8f830997cc676d3949022005d,18885550100,voice,SALES-Q,2026-08-01 13:30:00 UTC,450,90,ANSWERED,60
CALL-00000032,CUST-00032,,8700cac26744c86d89cefe9035042f7c2db61596f1fd70aaef8488abf046fe99,18885550200,voice,SUPPORT-Q,2026-08-01 13:41:00 UTC,0,0,ABANDONED,0
CALL-00000033,CUST-00033,AGT-0033,749ba23ba2573ffd45c26932940418edd07158a685368a25926eb90ca864a454,18005551234,voice,RETENTION-Q,2026-08-01 13:52:00 UTC,476,0,TRANSFER,70
CALL-00000034,CUST-00034,,cd0ee9f8126662a7b7b0d3c8659baa8b2c8d563b65b0d88eecd0606cd6c5ab6e,18005555678,chat,BILLING-Q,2026-08-01 14:03:00 UTC,0,0,VOICEMAIL,0
CALL-00000035,CUST-00035,AGT-0035,f3d539dd1330dc5794a3c14559b23a4101e68b563ca31c79a9c090100540be3e,18885550100,callback,TECH-Q,2026-08-01 14:14:00 UTC,0,0,CALLBACK_SCHEDULED,0
CALL-00000036,CUST-00036,AGT-0036,2105b2685dceeaa6fb1f4cfdbeb4dd88f5212903c6441411848bc373b0b23d98,18885550200,voice,SALES-Q,2026-08-01 14:25:00 UTC,515,5,ANSWERED,85
CALL-00000037,CUST-00037,AGT-0037,1180341981589bc92011d678ac37ea6b70926edcca27c87eda624f56c562279e,18005551234,voice,SUPPORT-Q,2026-08-01 14:36:00 UTC,528,12,ANSWERED,0
CALL-00000038,CUST-00038,AGT-0038,76da9b2f200463248ec74331c3d92eed1482c43df1309237dcede3cd1826a466,18005555678,voice,RETENTION-Q,2026-08-01 14:47:00 UTC,541,19,ANSWERED,5
CALL-00000039,CUST-00039,,d4f652933537cf53d4803e4ea72ba4424e5ef003f5e0e5c9f9184bcfe2e10b44,18885550100,chat,BILLING-Q,2026-08-01 14:58:00 UTC,0,0,ABANDONED,0
CALL-00000040,CUST-00040,AGT-0040,4bdfbfeba285d7970a731f7736cef00b44e45c697d1a06e70bf3f031a7be93d3,18885550200,callback,TECH-Q,2026-08-01 15:09:00 UTC,567,0,TRANSFER,15
CALL-00000041,CUST-00041,,ca4c68211c096568187f03ca68ff8db084b12fd4881280710231272b9f8ef0f6,18005551234,voice,SALES-Q,2026-08-01 15:20:00 UTC,0,0,VOICEMAIL,0
CALL-00000042,CUST-00042,AGT-0002,c96220bd7ae932452cb04601fcae44a16dacaca8cf07c8fa5c644b10f0e17aab,18005555678,voice,SUPPORT-Q,2026-08-01 15:31:00 UTC,0,0,CALLBACK_SCHEDULED,0
CALL-00000043,CUST-00043,AGT-0003,1f6029057a37b8ca51ff213e668b6b8c3938d0f91f140e0f34a15b733441c663,18885550100,voice,RETENTION-Q,2026-08-01 15:42:00 UTC,606,54,ANSWERED,30
CALL-00000044,CUST-00044,AGT-0004,291f4aff96d8467c5256490343079e786f8d8c6008323e170f67feedd57e2684,18885550200,chat,BILLING-Q,2026-08-01 15:53:00 UTC,619,61,ANSWERED,35
CALL-00000045,CUST-00045,AGT-0005,a0b03b877e411452cf2e187b03dbf8b7319cf6688f89eed30c41a3cb9ecdca46,18005551234,callback,TECH-Q,2026-08-01 16:04:00 UTC,632,68,ANSWERED,40
CALL-00000046,CUST-00046,,9402f67c69aaf9f05d56c86904869d87f059627f10e1b7bbbb67c346c6723cb8,18005555678,voice,SALES-Q,2026-08-01 16:15:00 UTC,0,0,ABANDONED,0
CALL-00000047,CUST-00047,AGT-0007,1d8d4c3f288510d636df73ca1f7668c038025eafb59b0433c79fff951e4b90e8,18885550100,voice,SUPPORT-Q,2026-08-01 16:26:00 UTC,658,0,TRANSFER,50
CALL-00000048,CUST-00048,,b7c9e986e3ce7d55c9a17a27bb7e748a4deba6e110f16c621fbfb7c7328d5cad,18885550200,voice,RETENTION-Q,2026-08-01 16:37:00 UTC,0,0,VOICEMAIL,0
CALL-00000049,CUST-00049,AGT-0009,4a18beaca27f46b31e6cb3ddef3fa7bc6e068b6e9ddd624fc351503dc9e55ece,18005551234,chat,BILLING-Q,2026-08-01 16:48:00 UTC,0,0,CALLBACK_SCHEDULED,0
CALL-00000050,CUST-00050,AGT-0010,307c8d2cbc9a6c42dde24418aed73d04f375dc9a9d6cd9ad7d6421b51eb2fb6b,18005555678,callback,TECH-Q,2026-08-01 16:59:00 UTC,697,103,ANSWERED,65
CALL-00000051,CUST-00051,AGT-0011,c3952db80568aca0e753d60bf6ddb929fcbf6e1aca4180dc658bb1b014e3c55d,18885550100,voice,SALES-Q,2026-08-01 17:10:00 UTC,710,110,ANSWERED,70
CALL-00000052,CUST-00052,AGT-0012,9e2ba828107c49d0280b2bdc35d626c8c2a3149bd28e16b02d5b3d5e23b4c909,18885550200,voice,SUPPORT-Q,2026-08-01 17:21:00 UTC,723,117,ANSWERED,75
CALL-00000053,CUST-00053,,424a2107fc4054c7c28212713945bcacb5546c5c5a906cdf0553823c3f135abb,18005551234,voice,RETENTION-Q,2026-08-01 17:32:00 UTC,0,0,ABANDONED,0
CALL-00000054,CUST-00054,AGT-0014,26b3be062ca6d3b746b65e0da230d2e85411311d5a049958b9df780f7394263a,18005555678,chat,BILLING-Q,2026-08-01 17:43:00 UTC,749,0,TRANSFER,85
CALL-00000055,CUST-00055,,3629b12f01816fd1183b9dacaac1bafc56ab17423871ba00932cb4d3ac2aa774,18885550100,callback,TECH-Q,2026-08-01 17:54:00 UTC,0,0,VOICEMAIL,0
CALL-00000056,CUST-00056,AGT-0016,dfa77750d66009e662b71bc5c2ab931b1e74a07370d51fed6c50fd2a44d37048,18885550200,voice,SALES-Q,2026-08-01 18:05:00 UTC,0,0,CALLBACK_SCHEDULED,0
CALL-00000057,CUST-00057,AGT-0017,2bbf53441b301d01500546f1956c7ff9516401bf52a5e6170c575a5c25ea6d5a,18005551234,voice,SUPPORT-Q,2026-08-01 18:16:00 UTC,788,32,ANSWERED,10
CALL-00000058,CUST-00058,AGT-0018,d356507c041c7d75e57127027ea32a344c266a1f343b352518e56e4a6beb77a1,18005555678,voice,RETENTION-Q,2026-08-01 18:27:00 UTC,801,39,ANSWERED,15
CALL-00000059,CUST-00059,AGT-0019,d1e3ad321ba0682009507d3ce4af7aa75ec34beb86a84f2c3c074ef339a5bc35,18885550100,chat,BILLING-Q,2026-08-01 18:38:00 UTC,814,46,ANSWERED,20
CALL-00000060,CUST-00060,,3bd1e02410af14544dc8a3fb9e97aa845668f7894c2d04457a44f149fc6ab589,18885550200,callback,TECH-Q,2026-08-01 18:49:00 UTC,0,0,ABANDONED,0
CALL-00000061,CUST-00061,AGT-0021,a3f83148121b1d4035e4fec5815d99f83555c408024f0868bc90076f34d807c3,18005551234,voice,SALES-Q,2026-08-01 19:00:00 UTC,840,0,TRANSFER,30
CALL-00000062,CUST-00062,,3b202d5942d06c1154947182bd083802e227b32b760af2fa478df690c4c5900a,18005555678,voice,SUPPORT-Q,2026-08-01 19:11:00 UTC,0,0,VOICEMAIL,0
CALL-00000063,CUST-00063,AGT-0023,d83da0c0179272fd27b49e06ab02ad5600a99b2093e96e5f216d71cebfe857a2,18885550100,voice,RETENTION-Q,2026-08-01 19:22:00 UTC,0,0,CALLBACK_SCHEDULED,0
CALL-00000064,CUST-00064,AGT-0024,05e7f638e177c918f747b930ab50ba683b14ad2c282dd999133a5d6323529bd5,18885550200,chat,BILLING-Q,2026-08-01 19:33:00 UTC,879,81,ANSWERED,45
CALL-00000065,CUST-00065,AGT-0025,dca43fa90c46592704377728fa1a35ea04ad390af4592503d0423f2330a2b1c4,18005551234,callback,TECH-Q,2026-08-01 19:44:00 UTC,892,88,ANSWERED,50
CALL-00000066,CUST-00066,AGT-0026,355c3b60dbb64511387274a0e7ed786b00e1e31289e6aef2b4cd89d528fc15d5,18005555678,voice,SALES-Q,2026-08-01 19:55:00 UTC,905,95,ANSWERED,55
CALL-00000067,CUST-00067,,d0ff07ee2cccd90a53608069db5d49110d7c1c5f06a421937dc569be6ed570b0,18885550100,voice,SUPPORT-Q,2026-08-01 20:06:00 UTC,0,0,ABANDONED,0
CALL-00000068,CUST-00068,AGT-0028,356ddf87f5568e02ff74a0e9f907497640026aa3c260bf5f260300d3fa5d34df,18885550200,voice,RETENTION-Q,2026-08-01 20:17:00 UTC,931,0,TRANSFER,65
CALL-00000069,CUST-00069,,ab6eaf2aa8fcea6f57ab6b85a976bb03921f89a68897c62a879d8b19713e647e,18005551234,chat,BILLING-Q,2026-08-01 20:28:00 UTC,0,0,VOICEMAIL,0
CALL-00000070,CUST-00070,AGT-0030,c6fa04e793ce519dfac2c3da085864377bc3b2471f94196d0ac91a1013b86a03,18005555678,callback,TECH-Q,2026-08-01 20:39:00 UTC,0,0,CALLBACK_SCHEDULED,0
CALL-00000071,CUST-00071,AGT-0031,2fa3fb1556f00156c08319fb816be65a8c6784e524d0799ce77164b9a97db4aa,18885550100,voice,SALES-Q,2026-08-01 20:50:00 UTC,70,10,ANSWERED,80
CALL-00000072,CUST-00072,AGT-0032,f523ed57f2f2ea60a768c7e45744db0e3b384a9d24d82337e8e6b350eaaba193,18885550200,voice,SUPPORT-Q,2026-08-01 21:01:00 UTC,83,17,ANSWERED,85
CALL-00000073,CUST-00073,AGT-0033,345ac2d18ad1dd5c61e7bf029b8e13889195f5613d1730677d280928fbcf9a63,18005551234,voice,RETENTION-Q,2026-08-01 21:12:00 UTC,96,24,ANSWERED,0
CALL-00000074,CUST-00074,,8081d992594f8a652fc7a4cd2c69f96ce7ec72f70b430f972dd5ed41bba00379,18005555678,chat,BILLING-Q,2026-08-01 21:23:00 UTC,0,0,ABANDONED,0
CALL-00000075,CUST-00075,AGT-0035,0c320b915232b52737aaf574f3d421e0e3f2f909a8b172c837b34d9a62089984,18885550100,callback,TECH-Q,2026-08-01 21:34:00 UTC,122,0,TRANSFER,10
CALL-00000076,CUST-00076,,ba05bdfb6c40274b15b1a17286c21d645111bd50403825136f9a13a9ef8dbce5,18885550200,voice,SALES-Q,2026-08-01 21:45:00 UTC,0,0,VOICEMAIL,0
CALL-00000077,CUST-00077,AGT-0037,8a835b756d8860b66e1b5b4b8aa152b3d95f3c600cc0ef7b702e00e29a79455d,18005551234,voice,SUPPORT-Q,2026-08-01 21:56:00 UTC,0,0,CALLBACK_SCHEDULED,0
CALL-00000078,CUST-00078,AGT-0038,39d5f0487d0ff89a72d3f958486f2f56bc828daedcf70a2a487ab52e381573fa,18005555678,voice,RETENTION-Q,2026-08-01 22:07:00 UTC,161,59,ANSWERED,25
CALL-00000079,CUST-00079,AGT-0039,62f3e7c1d22228541a2e506d3979023213e206afdd6f30d354da1c6cb6eb891a,18885550100,chat,BILLING-Q,2026-08-01 22:18:00 UTC,174,66,ANSWERED,30
CALL-00000080,CUST-00080,AGT-0040,bfd17a83e72a16397009ed6f7a5a654ac7de390a15b249c8c27df8f6375ef7ca,18885550200,callback,TECH-Q,2026-08-01 22:29:00 UTC,187,73,ANSWERED,35
CALL-00000081,CUST-00081,,e29b1d4fec75c82e7099126847bbc312e1af1ff8274f249c4002f4e330dda89c,18005551234,voice,SALES-Q,2026-08-01 22:40:00 UTC,0,0,ABANDONED,0
CALL-00000082,CUST-00082,AGT-0002,1821c2b7ca66a7ca7cdad9d0904d45de9dce9f5cfd17ae2b455fc40aa1b1d458,18005555678,voice,SUPPORT-Q,2026-08-01 22:51:00 UTC,213,0,TRANSFER,45
CALL-00000083,CUST-00083,,7576b3375593baf2b63ddb365191ff7500441107b8a2336feda5d0e07855d735,18885550100,voice,RETENTION-Q,2026-08-01 23:02:00 UTC,0,0,VOICEMAIL,0
CALL-00000084,CUST-00084,AGT-0004,9925d3bad4302b34249ce581a45e9f6c7bde35a3256ce682bad40e387ba32736,18885550200,chat,BILLING-Q,2026-08-01 23:13:00 UTC,0,0,CALLBACK_SCHEDULED,0
CALL-00000085,CUST-00085,AGT-0005,7ab96ec894d4ffdac522eaeaa9e70b3a07bb8e0ea984b177f73d8df8f10ba16a,18005551234,callback,TECH-Q,2026-08-01 23:24:00 UTC,252,108,ANSWERED,60
CALL-00000086,CUST-00086,AGT-0006,e7f7c1aa5a19b8f395659197473337aa14198e858d7503f3fc014ec863f3a26f,18005555678,voice,SALES-Q,2026-08-01 23:35:00 UTC,265,115,ANSWERED,65
CALL-00000087,CUST-00087,AGT-0007,e2a639e3d77832815ba3b993b6f4e506b26df0bf9620b99da524a5cb2c23a627,18885550100,voice,SUPPORT-Q,2026-08-01 23:46:00 UTC,278,2,ANSWERED,70
CALL-00000088,CUST-00088,,872607bd0a389f8d3a0b6754ff27186260001d8bfd2639a1666f8d1926dba558,18885550200,voice,RETENTION-Q,2026-08-01 23:57:00 UTC,0,0,ABANDONED,0
CALL-00000089,CUST-00089,AGT-0009,78972703e4e9874ade1573cba33c0d21b1c299d58cb5a5e8ec5063c5aec59adf,18005551234,chat,BILLING-Q,2026-08-02 00:08:00 UTC,304,0,TRANSFER,80
CALL-00000090,CUST-00090,,1f10b007796169dc9109af6b063863c973eccf37389a517397d06f57c3118ff5,18005555678,callback,TECH-Q,2026-08-02 00:19:00 UTC,0,0,VOICEMAIL,0
CALL-00000091,CUST-00091,AGT-0011,6cca2cbb4ccf4ab6a994a6fd4f6e5de7dadec975d3e4b7b46ede22d55df62622,18885550100,voice,SALES-Q,2026-08-02 00:30:00 UTC,0,0,CALLBACK_SCHEDULED,0
CALL-00000092,CUST-00092,AGT-0012,054b3b2c536464480456e179ae167492161f204ab6a46e421916786341ff9df9,18885550200,voice,SUPPORT-Q,2026-08-02 00:41:00 UTC,343,37,ANSWERED,5
CALL-00000093,CUST-00093,AGT-0013,70cafb7c0a669c22a6c5ed5ff20167e27b75d5c57292b731c3cae62149facedb,18005551234,voice,RETENTION-Q,2026-08-02 00:52:00 UTC,356,44,ANSWERED,10
CALL-00000094,CUST-00094,AGT-0014,ce6ed645c556b73eae34dee59640cc0984bc67eea6e1ed99e5d59749e66c8c94,18005555678,chat,BILLING-Q,2026-08-02 01:03:00 UTC,369,51,ANSWERED,15
CALL-00000095,CUST-00095,,5c75e54b24b3ca106197b1e711dcdd04c998282f383b56410aaf23f143937964,18885550100,callback,TECH-Q,2026-08-02 01:14:00 UTC,0,0,ABANDONED,0
CALL-00000096,CUST-00096,AGT-0016,9e49958c44b14f1ef7a8a971e9640a0c1fa071c93d6f7ce9677bea0c3df53963,18885550200,voice,SALES-Q,2026-08-02 01:25:00 UTC,395,0,TRANSFER,25
CALL-00000097,CUST-00097,,987358fd03844b8ba9aa1486ac8eadbc13640154dc411c01c7f363c4e1c4a75a,18005551234,voice,SUPPORT-Q,2026-08-02 01:36:00 UTC,0,0,VOICEMAIL,0
CALL-00000098,CUST-00098,AGT-0018,e8d95c30acd0419ea001f05fbfc0801b71b116b3e7d168f5f500d07572b10fb7,18005555678,voice,RETENTION-Q,2026-08-02 01:47:00 UTC,0,0,CALLBACK_SCHEDULED,0
CALL-00000099,CUST-00099,AGT-0019,363e08fc36fccf05095a281c211a0a3c88bcbea627b7a90728cb250754efadb6,18885550100,chat,BILLING-Q,2026-08-02 01:58:00 UTC,434,86,ANSWERED,40
CALL-00000100,CUST-00100,AGT-0020,cfbcff019152aa35dbc7323a911ae1c60b14fd793487cf3cbaed81e26d92e6bb,18885550200,callback,TECH-Q,2026-08-02 02:09:00 UTC,447,93,ANSWERED,45
CALL-00000101,CUST-00101,AGT-0021,6d0412da75f8786e6ea6ad1e0900b39efa177574459e31d82ed0e8ce79516057,18005551234,voice,SALES-Q,2026-08-02 02:20:00 UTC,460,100,ANSWERED,50
CALL-00000102,CUST-00102,,455439620ea5ca2164638675d91650f3e1638a11e199c2dcb1090c495aa4f398,18005555678,voice,SUPPORT-Q,2026-08-02 02:31:00 UTC,0,0,ABANDONED,0
CALL-00000103,CUST-00103,AGT-0023,50eff2815503600f73fb171ce27b3f2ed3b714bda0ee597a73bca527324e9015,18885550100,voice,RETENTION-Q,2026-08-02 02:42:00 UTC,486,0,TRANSFER,60
CALL-00000104,CUST-00104,,186e6192e1b4ffa6e44628dc6430ed865c4b721c3eee1e4fc11d1e4912dab4f0,18885550200,chat,BILLING-Q,2026-08-02 02:53:00 UTC,0,0,VOICEMAIL,0
CALL-00000105,CUST-00105,AGT-0025,83846af26f416001c890d1511d79d5f6dfea31a26f9877916af1671c4b31996f,18005551234,callback,TECH-Q,2026-08-02 03:04:00 UTC,0,0,CALLBACK_SCHEDULED,0
CALL-00000106,CUST-00106,AGT-0026,b158ad8379de5a04fdc3de85d61f6ba67221f5ddd6c232d3d1820082907dddba,18005555678,voice,SALES-Q,2026-08-02 03:15:00 UTC,525,15,ANSWERED,75
CALL-00000107,CUST-00107,AGT-0027,62c4d8ffd6b29eaddb8c9edce3987703b33e5c644a3120d98f7ad4c02e89699f,18885550100,voice,SUPPORT-Q,2026-08-02 03:26:00 UTC,538,22,ANSWERED,80
CALL-00000108,CUST-00108,AGT-0028,7b9f00ce17b5a81c4f9e44c574710b9567b0a7589ebc01925e2233fb7e8c672e,18885550200,voice,RETENTION-Q,2026-08-02 03:37:00 UTC,551,29,ANSWERED,85
CALL-00000109,CUST-00109,,9712a02ccae68c41f24be89c93ab0d5831c10d66e0a0d962a8b9e64ade2c1399,18005551234,chat,BILLING-Q,2026-08-02 03:48:00 UTC,0,0,ABANDONED,0
CALL-00000110,CUST-00110,AGT-0030,4f7e3daa6694654a0f721b3322dddac63889ae0e62282d3b8af5b9a11a638ec4,18005555678,callback,TECH-Q,2026-08-02 03:59:00 UTC,577,0,TRANSFER,5
CALL-00000111,CUST-00111,,b5909db0425f24917a4db86fe340c042f420a4d5a376faa035fdb141ef2adca2,18885550100,voice,SALES-Q,2026-08-02 04:10:00 UTC,0,0,VOICEMAIL,0
CALL-00000112,CUST-00112,AGT-0032,6cee6cacf44656dc0d645526ac219ff7f16d19c7add26fc3818f54f98c384a72,18885550200,voice,SUPPORT-Q,2026-08-02 04:21:00 UTC,0,0,CALLBACK_SCHEDULED,0
CALL-00000113,CUST-00113,AGT-0033,14e8b70d8a8cc00e9a8f95c7c2987df6a1d14d6f7ff45cc39211bea8638123e1,18005551234,voice,RETENTION-Q,2026-08-02 04:32:00 UTC,616,64,ANSWERED,20
CALL-00000114,CUST-00114,AGT-0034,68fb42e3e395dec7ff3808012a3095c4bb544e0ba83d07e1b34e1c6081a581d1,18005555678,chat,BILLING-Q,2026-08-02 04:43:00 UTC,629,71,ANSWERED,25
CALL-00000115,CUST-00115,AGT-0035,a26b38b1891c453aa9cdb65f7745b644230d3fb7cdd0efc1cc308dc98d3eb03b,18885550100,callback,TECH-Q,2026-08-02 04:54:00 UTC,642,78,ANSWERED,30
CALL-00000116,CUST-00116,,1bb89bd4dd7157528285dfbc717e02c1a09598a7a017ad58c68dd1599ad25b77,18885550200,voice,SALES-Q,2026-08-02 05:05:00 UTC,0,0,ABANDONED,0
CALL-00000117,CUST-00117,AGT-0037,176df913ce156b1e03fbea7548a8e0c92abf3db7c5a8d716c223c8ea96347c96,18005551234,voice,SUPPORT-Q,2026-08-02 05:16:00 UTC,668,0,TRANSFER,40
CALL-00000118,CUST-00118,,0bfd1bdf2379391e9bce4a8e9c8e89e2d70d98be35408db24b0d152a7749dd78,18005555678,voice,RETENTION-Q,2026-08-02 05:27:00 UTC,0,0,VOICEMAIL,0
CALL-00000119,CUST-00119,AGT-0039,eb8871d1e525ec16aa6e0ee55913896b5cc84e26b278b1cd8c09766b0833729c,18885550100,chat,BILLING-Q,2026-08-02 05:38:00 UTC,0,0,CALLBACK_SCHEDULED,0
CALL-00000120,CUST-00120,AGT-0040,80518fdd63ce3ef105e500c97a874e7ba17f69e77bf9378c012acd68994b0c40,18885550200,callback,TECH-Q,2026-08-02 05:49:00 UTC,707,113,ANSWERED,55
CALL-00000121,CUST-00121,AGT-0001,79e06febd283750c7f22a0067241f7c79d8cf06376c0f8b75d05aa116e2de68b,18005551234,voice,SALES-Q,2026-08-02 06:00:00 UTC,720,0,ANSWERED,60
CALL-00000122,CUST-00122,AGT-0002,3d4d1e401367e348633f819504008caec891d46138a8480a8205044f821f2e59,18005555678,voice,SUPPORT-Q,2026-08-02 06:11:00 UTC,733,7,ANSWERED,65
CALL-00000123,CUST-00123,,89493d2ed5a91e4117640886430404ecc8c5cecb8cf69529a91951692613e164,18885550100,voice,RETENTION-Q,2026-08-02 06:22:00 UTC,0,0,ABANDONED,0
CALL-00000124,CUST-00124,AGT-0004,bab4ee3120172d5df113068239952d8945cd22a4e5e5fb3ec73a3d0100d7962c,18885550200,chat,BILLING-Q,2026-08-02 06:33:00 UTC,759,0,TRANSFER,75
CALL-00000125,CUST-00125,,6cccb893d766cb16d4921205d78dcc4dc462ea7873595d4758cacace27c4af79,18005551234,callback,TECH-Q,2026-08-02 06:44:00 UTC,0,0,VOICEMAIL,0
CALL-00000126,CUST-00126,AGT-0006,a0436f30857cbf71a73d95be6219c6eaf73df551c97b69edd5097696e7f18d98,18005555678,voice,SALES-Q,2026-08-02 06:55:00 UTC,0,0,CALLBACK_SCHEDULED,0
CALL-00000127,CUST-00127,AGT-0007,e5d75533411c88da33c55d12326335a0041466ef45f12700db08e83318d41e04,18885550100,voice,SUPPORT-Q,2026-08-02 07:06:00 UTC,798,42,ANSWERED,0
CALL-00000128,CUST-00128,AGT-0008,69dbcf05d1d06b7b5eac5c97d4b9835cc8d82ea01a8fc5aee88b402307fe683a,18885550200,voice,RETENTION-Q,2026-08-02 07:17:00 UTC,811,49,ANSWERED,5
CALL-00000129,CUST-00129,AGT-0009,42a83b9be1b8aab9eeea1a57f395fb0b83de2eceabc6c23e493af4507df4910c,18005551234,chat,BILLING-Q,2026-08-02 07:28:00 UTC,824,56,ANSWERED,10
CALL-00000130,CUST-00130,,31ec50b9fe7febf3adc5b0795761f521e11a6cc169b858e4b41cbdb0d6d30d9e,18005555678,callback,TECH-Q,2026-08-02 07:39:00 UTC,0,0,ABANDONED,0
CALL-00000131,CUST-00131,AGT-0011,114a2d1f5a73ea2620f3a0079fd53ce988ee9e7024096240533e8ec807189b1b,18885550100,voice,SALES-Q,2026-08-02 07:50:00 UTC,850,0,TRANSFER,20
CALL-00000132,CUST-00132,,14b42634fd66e262dff8fcbd8d3428e18b197cc495344aa438845d581726c95f,18885550200,voice,SUPPORT-Q,2026-08-02 08:01:00 UTC,0,0,VOICEMAIL,0
CALL-00000133,CUST-00133,AGT-0013,33c3b8c437c0b3d91f3d3a943b74ca8ff96b214dca885c7c530137fb61f9044e,18005551234,voice,RETENTION-Q,2026-08-02 08:12:00 UTC,0,0,CALLBACK_SCHEDULED,0
CALL-00000134,CUST-00134,AGT-0014,044351860f9b01b2ba3e99c890dad32a6854cc952ce4ab171cc7ec2a5a0bf7e8,18005555678,chat,BILLING-Q,2026-08-02 08:23:00 UTC,889,91,ANSWERED,35
CALL-00000135,CUST-00135,AGT-0015,3bc9065e9b856579c9a23555cceb6e44632c0f2ff0468081a5fd1ab022f4bc84,18885550100,callback,TECH-Q,2026-08-02 08:34:00 UTC,902,98,ANSWERED,40
CALL-00000136,CUST-00136,AGT-0016,7543caeb929b1d17d24a8be3b17e9b5a1d04003e00c9a0c6b497edce19b5589e,18885550200,voice,SALES-Q,2026-08-02 08:45:00 UTC,915,105,ANSWERED,45
CALL-00000137,CUST-00137,,fd0546bc5b8164b649ca77d279b7489e48881fbbc798c21250437c512e9bd28c,18005551234,voice,SUPPORT-Q,2026-08-02 08:56:00 UTC,0,0,ABANDONED,0
CALL-00000138,CUST-00138,AGT-0018,02f87681bb638837c7da95d8b2c1c30f518009f0388cf04b60e8f187f2b9de37,18005555678,voice,RETENTION-Q,2026-08-02 09:07:00 UTC,941,0,TRANSFER,55
CALL-00000139,CUST-00139,,0bee2b619d273af9cc8c6d89f7ab5e980bcfca6096e0257fdfbd081960824b0d,18885550100,chat,BILLING-Q,2026-08-02 09:18:00 UTC,0,0,VOICEMAIL,0
CALL-00000140,CUST-00140,AGT-0020,568da05acddebbe00cdacba0faf9d568fc878498e2beee4d674702dfdc5aea1c,18885550200,callback,TECH-Q,2026-08-02 09:29:00 UTC,0,0,CALLBACK_SCHEDULED,0
CALL-00000141,CUST-00141,AGT-0021,1c787cd8a928f7cd77e6d7fcc180380032924a2321ba2ef326d8a9b8fafb9685,18005551234,voice,SALES-Q,2026-08-02 09:40:00 UTC,80,20,ANSWERED,70
CALL-00000142,CUST-00142,AGT-0022,5d4931dd3c154dbb8d93ce3b006077d8e7e1ffc2ecfc3e8a8c33622f81643369,18005555678,voice,SUPPORT-Q,2026-08-02 09:51:00 UTC,93,27,ANSWERED,75
CALL-00000143,CUST-00143,AGT-0023,8635fd4c4087d5d69a80d64a6a000058f0cb6094215725a6f951e42f58f1cea4,18885550100,voice,RETENTION-Q,2026-08-02 10:02:00 UTC,106,34,ANSWERED,80
CALL-00000144,CUST-00144,,3c4d8ec720c9723d1caf6eb92d5a03b465866e906f42d5e97aec6622b5c5af39,18885550200,chat,BILLING-Q,2026-08-02 10:13:00 UTC,0,0,ABANDONED,0
CALL-00000145,CUST-00145,AGT-0025,6d10868e12138e653b9885d3a0ca8094474d2c45af6f8de19c035362f5501097,18005551234,callback,TECH-Q,2026-08-02 10:24:00 UTC,132,0,TRANSFER,0
CALL-00000146,CUST-00146,,44d06f87cb887147a2645c1f840dd65000a11501076fc4911bfc65d91f21cf2c,18005555678,voice,SALES-Q,2026-08-02 10:35:00 UTC,0,0,VOICEMAIL,0
CALL-00000147,CUST-00147,AGT-0027,47d3bf9999f2a4a4bfc2d395347227236249610b9f999c2f983b06272c4d488b,18885550100,voice,SUPPORT-Q,2026-08-02 10:46:00 UTC,0,0,CALLBACK_SCHEDULED,0
CALL-00000148,CUST-00148,AGT-0028,90b7d6b476a0f2765a15d9c1e3120870a3f91d26a5c40ddcd5d328de8673c599,18885550200,voice,RETENTION-Q,2026-08-02 10:57:00 UTC,171,69,ANSWERED,15
CALL-00000149,CUST-00149,AGT-0029,14f2a78d721dc637d56c960ec430954c2d1d79878bbd31e34956785a061bbc70,18005551234,chat,BILLING-Q,2026-08-02 11:08:00 UTC,184,76,ANSWERED,20
CALL-00000150,CUST-00150,AGT-0030,4cf543827aa0caef7a686ae5a5e5d8d11ce953ed6c38f0d49bbcc91d7f0d1435,18005555678,callback,TECH-Q,2026-08-02 11:19:00 UTC,197,83,ANSWERED,25
CALL-00000151,CUST-00151,,1e7f68c1cc6a54985199cda0a46a6e01cd080d8338f3196eac99abc205c5fcb1,18885550100,voice,SALES-Q,2026-08-02 11:30:00 UTC,0,0,ABANDONED,0
CALL-00000152,CUST-00152,AGT-0032,3c56fb3b60ab7d823f1f9a3d9d05d5ce0d5c4476b02d70589b1e7db253aa296d,18885550200,voice,SUPPORT-Q,2026-08-02 11:41:00 UTC,223,0,TRANSFER,35
CALL-00000153,CUST-00153,,20c36f29772a1b385e1b3c22345e08141c54f2472cc3b1d2c00c24950ed82ae1,18005551234,voice,RETENTION-Q,2026-08-02 11:52:00 UTC,0,0,VOICEMAIL,0
CALL-00000154,CUST-00154,AGT-0034,d8fae74594dab69275fee48bb91bddd0af86d9d0af0ffbf4b95ce9140b3e6499,18005555678,chat,BILLING-Q,2026-08-02 12:03:00 UTC,0,0,CALLBACK_SCHEDULED,0
CALL-00000155,CUST-00155,AGT-0035,4ae1d9eca5e30fb0d7c06401efef4e1224b663485869af2a07a577d991ea4376,18885550100,callback,TECH-Q,2026-08-02 12:14:00 UTC,262,118,ANSWERED,50
CALL-00000156,CUST-00156,AGT-0036,11d501a25be9c5b247fd815c21ea9d5ad07ed247a38a199a9daf27641a8faff5,18885550200,voice,SALES-Q,2026-08-02 12:25:00 UTC,275,5,ANSWERED,55
CALL-00000157,CUST-00157,AGT-0037,b5b1518da40f0a97ed274634165195b8fbcfdbb7f5a3c0758bcb0aa3a5df457b,18005551234,voice,SUPPORT-Q,2026-08-02 12:36:00 UTC,288,12,ANSWERED,60
CALL-00000158,CUST-00158,,703b81b5d16ca7d8d0f4cd34bb0e6198c334a985aa1b70246feeae0bbed2a172,18005555678,voice,RETENTION-Q,2026-08-02 12:47:00 UTC,0,0,ABANDONED,0
CALL-00000159,CUST-00159,AGT-0039,4e152737da2c4553336299d28b0c56bbfd4a05ec755a26d13ea1e073dac7a5aa,18885550100,chat,BILLING-Q,2026-08-02 12:58:00 UTC,314,0,TRANSFER,70
CALL-00000160,CUST-00160,,668c92d877028ac55b3614325afa4aa0d753aaccc3a40d198373f6091d62ac79,18885550200,callback,TECH-Q,2026-08-02 13:09:00 UTC,0,0,VOICEMAIL,0
CALL-00000161,CUST-00161,AGT-0001,63f0c6a372a01e28bf8551a07d54979fe934eb5fb83d5e6df0c6833d617d1e36,18005551234,voice,SALES-Q,2026-08-02 13:20:00 UTC,0,0,CALLBACK_SCHEDULED,0
CALL-00000162,CUST-00162,AGT-0002,7c57d7aceda590b92c77e88b8add4ae5fc11b265a5bf41896496e0d0a7e22323,18005555678,voice,SUPPORT-Q,2026-08-02 13:31:00 UTC,353,47,ANSWERED,85
CALL-00000163,CUST-00163,AGT-0003,6292b6f02fd5b338f1f00a65a91ebcd9a228ff3d9b28496e6ff005931e38ed0a,18885550100,voice,RETENTION-Q,2026-08-02 13:42:00 UTC,366,54,ANSWERED,0
CALL-00000164,CUST-00164,AGT-0004,12ef47aa1e63ab1d2e5b4c854c37d77e27af442e099cecba71313a85207233ac,18885550200,chat,BILLING-Q,2026-08-02 13:53:00 UTC,379,61,ANSWERED,5
CALL-00000165,CUST-00165,,d13027925c0d177f4b109aef253a8353feb1ccd5e8452f4aab045a5906141d8c,18005551234,callback,TECH-Q,2026-08-02 14:04:00 UTC,0,0,ABANDONED,0
CALL-00000166,CUST-00166,AGT-0006,51282f84e4a506f5136b565e23001ac015bb6c5ce78a00ebe21d7d575dec6e17,18005555678,voice,SALES-Q,2026-08-02 14:15:00 UTC,405,0,TRANSFER,15
CALL-00000167,CUST-00167,,71d9d6d5009e6ff2ead9205c424f1dc51f45b3a1e935acd86beb4198daefdf6d,18885550100,voice,SUPPORT-Q,2026-08-02 14:26:00 UTC,0,0,VOICEMAIL,0
CALL-00000168,CUST-00168,AGT-0008,6d1805308d01a6635797e6703124108eb4fa2d546e2a65cc541f37049d0e0b49,18885550200,voice,RETENTION-Q,2026-08-02 14:37:00 UTC,0,0,CALLBACK_SCHEDULED,0
CALL-00000169,CUST-00169,AGT-0009,76f654195ec5b099aec6609173edf22f04a4798f738d9c9981312389f5b1601b,18005551234,chat,BILLING-Q,2026-08-02 14:48:00 UTC,444,96,ANSWERED,30
CALL-00000170,CUST-00170,AGT-0010,14d032b9cd94158ac16ebe90147dd6e94e1b40dea618193a855dff84f817dadd,18005555678,callback,TECH-Q,2026-08-02 14:59:00 UTC,457,103,ANSWERED,35
CALL-00000171,CUST-00171,AGT-0011,25f5aa8e54935a3c5b783a148f48bd2a5c3554d64cc6c997070502951889da9d,18885550100,voice,SALES-Q,2026-08-02 15:10:00 UTC,470,110,ANSWERED,40
CALL-00000172,CUST-00172,,6ab199ccd7a00dfed63989d10890183a29d5a775f2f41992eaa805a901f57073,18885550200,voice,SUPPORT-Q,2026-08-02 15:21:00 UTC,0,0,ABANDONED,0
CALL-00000173,CUST-00173,AGT-0013,7ea25f37f3068141844dfdb4a5b98da37e67b150b54a18e0f3d56637b5141d56,18005551234,voice,RETENTION-Q,2026-08-02 15:32:00 UTC,496,0,TRANSFER,50
CALL-00000174,CUST-00174,,14ab9e0c99e4214d78a008bc4e25e9b36d0dbaa58628227f36b3ea37dc3d200b,18005555678,chat,BILLING-Q,2026-08-02 15:43:00 UTC,0,0,VOICEMAIL,0
CALL-00000175,CUST-00175,AGT-0015,7179e4ca3fa7c9a914a1afbf918aa71cda1f55c6ba1c70792cb7b6dc77373634,18885550100,callback,TECH-Q,2026-08-02 15:54:00 UTC,0,0,CALLBACK_SCHEDULED,0
CALL-00000176,CUST-00176,AGT-0016,b2e1f7c6a8bdd8bae7bbe211643c7c9d177641bf59fe36d67c5c90a2d0cd535f,18885550200,voice,SALES-Q,2026-08-02 16:05:00 UTC,535,25,ANSWERED,65
CALL-00000177,CUST-00177,AGT-0017,b035bf3baf62daf61f579840c9ab35e504bdbdd87f6a0f6747154db4bfe93109,18005551234,voice,SUPPORT-Q,2026-08-02 16:16:00 UTC,548,32,ANSWERED,70
CALL-00000178,CUST-00178,AGT-0018,a1725730f48161cc5f67b1dd2a39f64ca400c0ba7d9ffb8899e53e2c9771c71d,18005555678,voice,RETENTION-Q,2026-08-02 16:27:00 UTC,561,39,ANSWERED,75
CALL-00000179,CUST-00179,,6a35a2649e5542b146c479fb87debed4ffb14ebdf29636a1d92a0f1c7e89904d,18885550100,chat,BILLING-Q,2026-08-02 16:38:00 UTC,0,0,ABANDONED,0
CALL-00000180,CUST-00180,AGT-0020,fd67643fbf65e831445afebf04414f7dd5df93c2862324f4b89f6bb0a187f833,18885550200,callback,TECH-Q,2026-08-02 16:49:00 UTC,587,0,TRANSFER,85
CALL-00000181,CUST-00181,,8c3a1dc1293fcf91217325ec6f4f388259468a660dc24594c81b307e997bd254,18005551234,voice,SALES-Q,2026-08-02 17:00:00 UTC,0,0,VOICEMAIL,0
CALL-00000182,CUST-00182,AGT-0022,694c8bae7d5e89ea44d5a52a0a491245c2d340f925f0c6c1ec3180eca9d9c6f2,18005555678,voice,SUPPORT-Q,2026-08-02 17:11:00 UTC,0,0,CALLBACK_SCHEDULED,0
CALL-00000183,CUST-00183,AGT-0023,e0e154dc8bc7c46b34f32504ee96355071f8c570e63d502f5f002dbde3a43ac1,18885550100,voice,RETENTION-Q,2026-08-02 17:22:00 UTC,626,74,ANSWERED,10
CALL-00000184,CUST-00184,AGT-0024,b7f6c24bc5aef188aee4da18b18a0e53d0de041f548d1945e9206ba77e300ccc,18885550200,chat,BILLING-Q,2026-08-02 17:33:00 UTC,639,81,ANSWERED,15
CALL-00000185,CUST-00185,AGT-0025,39478e83360f9cabfa301575378afc687948b550e459c98a6f994cce2d95bd7a,18005551234,callback,TECH-Q,2026-08-02 17:44:00 UTC,652,88,ANSWERED,20
CALL-00000186,CUST-00186,,30f5dfaf440121fcf02042bb971cdfafab826db7dc54cb2ac91cd3258a085f42,18005555678,voice,SALES-Q,2026-08-02 17:55:00 UTC,0,0,ABANDONED,0
CALL-00000187,CUST-00187,AGT-0027,ceb52eec92d4ca3ff686dc76a6958a7e75712896397d9a98943504615ee3dd40,18885550100,voice,SUPPORT-Q,2026-08-02 18:06:00 UTC,678,0,TRANSFER,30
CALL-00000188,CUST-00188,,bb6bf321d632bb90b3b527f7330c1e28d6471a162f8ec8d432d694c9805bf158,18885550200,voice,RETENTION-Q,2026-08-02 18:17:00 UTC,0,0,VOICEMAIL,0
CALL-00000189,CUST-00189,AGT-0029,df9455a9cdd674c585bac04b9f3d5fd7507b89cbac0ba6ac99562bb7c4b55fca,18005551234,chat,BILLING-Q,2026-08-02 18:28:00 UTC,0,0,CALLBACK_SCHEDULED,0
CALL-00000190,CUST-00190,AGT-0030,f679dc4fc0ffc7eb7343d8b9ede0083b875347ea44f34287cfde9c3377378f9b,18005555678,callback,TECH-Q,2026-08-02 18:39:00 UTC,717,3,ANSWERED,45
CALL-00000191,CUST-00191,AGT-0031,f64c306353bcf3e2f5238e605b536c4d51ec1bf3481f64356fe7c52cd216b05e,18885550100,voice,SALES-Q,2026-08-02 18:50:00 UTC,730,10,ANSWERED,50
CALL-00000192,CUST-00192,AGT-0032,bcc0ffed783b03d9ad67b34d15269b91c12820c12ec00978676cb9756fc4c7ce,18885550200,voice,SUPPORT-Q,2026-08-02 19:01:00 UTC,743,17,ANSWERED,55
CALL-00000193,CUST-00193,,14796642728188a3b334e53900facc2ee059e1e392ada21b973df0f1cf9b214c,18005551234,voice,RETENTION-Q,2026-08-02 19:12:00 UTC,0,0,ABANDONED,0
CALL-00000194,CUST-00194,AGT-0034,b3d82f9820ab759499c4c2f2cc9cd22b5a57e99e2a10fa67e69e5aad48eaca38,18005555678,chat,BILLING-Q,2026-08-02 19:23:00 UTC,769,0,TRANSFER,65
CALL-00000195,CUST-00195,,7cf14025121edf0cfc830ab45bce3772c23a4bcc2dcf8140f2599af2b68f5918,18885550100,callback,TECH-Q,2026-08-02 19:34:00 UTC,0,0,VOICEMAIL,0
CALL-00000196,CUST-00196,AGT-0036,9d2834c9f62ca6c708b5ed14f5ba04896ec043d5b95bd5830f99e5a1996b6ecb,18885550200,voice,SALES-Q,2026-08-02 19:45:00 UTC,0,0,CALLBACK_SCHEDULED,0
CALL-00000197,CUST-00197,AGT-0037,1e978321a4437c85f1184049a5884fd2184d221927073ea04439d2e357d25853,18005551234,voice,SUPPORT-Q,2026-08-02 19:56:00 UTC,808,52,ANSWERED,80
CALL-00000198,CUST-00198,AGT-0038,ceee1f2c465721347ca9445296abf1ec4df723906f129d2423c18442a432782d,18005555678,voice,RETENTION-Q,2026-08-02 20:07:00 UTC,821,59,ANSWERED,85
CALL-00000199,CUST-00199,AGT-0039,a62b7b7d75a7929d276f216ebe7596e2c18a21773b0695bff7167562aaa4a596,18885550100,chat,BILLING-Q,2026-08-02 20:18:00 UTC,834,66,ANSWERED,0
CALL-00000200,CUST-00200,,678200cf1009c2ce1d022393e787f5b82106ed621a8a886e35360440645beffa,18885550200,callback,TECH-Q,2026-08-02 20:29:00 UTC,0,0,ABANDONED,0
CALL-00000201,CUST-00201,AGT-0001,6dc9a3ea9fe1c646a8658436b91fb5d13d71b0eeb81838052426d0efb6181498,18005551234,voice,SALES-Q,2026-08-02 20:40:00 UTC,860,0,TRANSFER,10
CALL-00000202,CUST-00202,,41321dd9057c2e17d327ff6848ae6f6e7c4c41627c55243ba3971ccf53ed0f59,18005555678,voice,SUPPORT-Q,2026-08-02 20:51:00 UTC,0,0,VOICEMAIL,0
CALL-00000203,CUST-00203,AGT-0003,2c2c07ea9858105188d7cacabbc33cbd0d136b871740a2393eaf18ccfda5ab89,18885550100,voice,RETENTION-Q,2026-08-02 21:02:00 UTC,0,0,CALLBACK_SCHEDULED,0
CALL-00000204,CUST-00204,AGT-0004,6c1a788fa3d46d7399a01e2690e2dda5a250ee85931a610029062c75c87920aa,18885550200,chat,BILLING-Q,2026-08-02 21:13:00 UTC,899,101,ANSWERED,25
CALL-00000205,CUST-00205,AGT-0005,ce0c2e447ad8bd6286d7f11fc1b1e9361dfc96435c096686ddf283e33c01802a,18005551234,callback,TECH-Q,2026-08-02 21:24:00 UTC,912,108,ANSWERED,30
CALL-00000206,CUST-00206,AGT-0006,e6d09c36efe7ae8051cdcefad772f02a51fd837f4c37d423bc52e3bc76dd6a73,18005555678,voice,SALES-Q,2026-08-02 21:35:00 UTC,925,115,ANSWERED,35
CALL-00000207,CUST-00207,,bfc7dc2436c4b022292ebbc12e5ed13fe672bc553aba2b7593283f8dd611550b,18885550100,voice,SUPPORT-Q,2026-08-02 21:46:00 UTC,0,0,ABANDONED,0
CALL-00000208,CUST-00208,AGT-0008,4cd09be548faeb7d448de63ba2c12c03b8cb010e8fb519becbdd18d36879ad3f,18885550200,voice,RETENTION-Q,2026-08-02 21:57:00 UTC,951,0,TRANSFER,45
CALL-00000209,CUST-00209,,63f089bf0f021a97d736c788004d8ad69ad777de123bdd872e2ca434834643f5,18005551234,chat,BILLING-Q,2026-08-02 22:08:00 UTC,0,0,VOICEMAIL,0
CALL-00000210,CUST-00210,AGT-0010,a128000b6358eed83d6619d2cf7152b3bfde2f823c86a9d3577fee38b464fb55,18005555678,callback,TECH-Q,2026-08-02 22:19:00 UTC,0,0,CALLBACK_SCHEDULED,0
CALL-00000211,CUST-00211,AGT-0011,7130be3c5628e69078cab05a928fac86f5a2a6d4beee605573ef20d126d7ffef,18885550100,voice,SALES-Q,2026-08-02 22:30:00 UTC,90,30,ANSWERED,60
CALL-00000212,CUST-00212,AGT-0012,9a39c8d2935c9508b257063500ff58ee47b9e548be8d0c46f433473f28ec40c9,18885550200,voice,SUPPORT-Q,2026-08-02 22:41:00 UTC,103,37,ANSWERED,65
CALL-00000213,CUST-00213,AGT-0013,3d925cc937e7d5e1757cab58bf310a6b5e42a8114482113bd96ac74bfbd7a632,18005551234,voice,RETENTION-Q,2026-08-02 22:52:00 UTC,116,44,ANSWERED,70
CALL-00000214,CUST-00214,,eb9d34d66931d4b6bb90d93db63a7ea52810c57cb882c343ecbd31141209efa7,18005555678,chat,BILLING-Q,2026-08-02 23:03:00 UTC,0,0,ABANDONED,0
CALL-00000215,CUST-00215,AGT-0015,59b78b918a345062ed7d8a34c8fd329f8dba55fab9663487abd028b041788526,18885550100,callback,TECH-Q,2026-08-02 23:14:00 UTC,142,0,TRANSFER,80
CALL-00000216,CUST-00216,,e4bdd5d124981c4ce66b300b7783a78fc2dd6a1ff33b157fc5ff9e34207d3dec,18885550200,voice,SALES-Q,2026-08-02 23:25:00 UTC,0,0,VOICEMAIL,0
CALL-00000217,CUST-00217,AGT-0017,30802502f05ab3196ec462c91d71469e444ad37e7d2bac0527b023a61935f567,18005551234,voice,SUPPORT-Q,2026-08-02 23:36:00 UTC,0,0,CALLBACK_SCHEDULED,0
CALL-00000218,CUST-00218,AGT-0018,db05e13ddf092c608453ad42d0af71726d39da80fa23d7a98265080cee947854,18005555678,voice,RETENTION-Q,2026-08-02 23:47:00 UTC,181,79,ANSWERED,5
CALL-00000219,CUST-00219,AGT-0019,673736fc1930a0a3b67d8d569fc58a46b45405e29d360073e9613372547a29ea,18885550100,chat,BILLING-Q,2026-08-02 23:58:00 UTC,194,86,ANSWERED,10
CALL-00000220,CUST-00220,AGT-0020,e85a8128dc7dae696d90b174b4cc1bbda42775679f593fa02bc681bd9fe327fe,18885550200,callback,TECH-Q,2026-08-03 00:09:00 UTC,207,93,ANSWERED,15
CALL-00000221,CUST-00221,,177a11b3f8293bba913503b4ee39d36599f523d5429aaa11b3781c7badb01152,18005551234,voice,SALES-Q,2026-08-03 00:20:00 UTC,0,0,ABANDONED,0
CALL-00000222,CUST-00222,AGT-0022,a58311d414043d4ce34c9471552fa7d1f5db2d751c41c29320acb2213d6a2525,18005555678,voice,SUPPORT-Q,2026-08-03 00:31:00 UTC,233,0,TRANSFER,25
CALL-00000223,CUST-00223,,0521475d639d7bf207f03c175b7e3d8b29d0d6d1ef9e55661fa5ec3e6cb86f65,18885550100,voice,RETENTION-Q,2026-08-03 00:42:00 UTC,0,0,VOICEMAIL,0
CALL-00000224,CUST-00224,AGT-0024,d9b0cec11a763f1aa4f76c5f5de885f78eea1c593f6eeb430acb076872c6da03,18885550200,chat,BILLING-Q,2026-08-03 00:53:00 UTC,0,0,CALLBACK_SCHEDULED,0
CALL-00000225,CUST-00225,AGT-0025,8584232b6defc9162d0119c688a1fa92e21c5d0a02dc6a5a15808899adf8c92c,18005551234,callback,TECH-Q,2026-08-03 01:04:00 UTC,272,8,ANSWERED,40
CALL-00000226,CUST-00226,AGT-0026,8f00209717489a427e42bcab206e7322d0ba583b59592ae7bd28dad22a840d24,18005555678,voice,SALES-Q,2026-08-03 01:15:00 UTC,285,15,ANSWERED,45
CALL-00000227,CUST-00227,AGT-0027,693db67062b1702f98b8fea864136d54b8838790b4ae2831223bdc1bcbc9cfe4,18885550100,voice,SUPPORT-Q,2026-08-03 01:26:00 UTC,298,22,ANSWERED,50
CALL-00000228,CUST-00228,,72174101f23f790a0cfd6c414858cc2e5b91b2413160dcf74604e191bad211d5,18885550200,voice,RETENTION-Q,2026-08-03 01:37:00 UTC,0,0,ABANDONED,0
CALL-00000229,CUST-00229,AGT-0029,827c6ae05a57be5f0c8e73c95d78ccdb1f442ab8cf65798aa3711c3a7e93a2f5,18005551234,chat,BILLING-Q,2026-08-03 01:48:00 UTC,324,0,TRANSFER,60
CALL-00000230,CUST-00230,,26c01ce0dc7a5e1fcb0a6b6bfed595286fd4693e2a32c8111903c0b248d6bac8,18005555678,callback,TECH-Q,2026-08-03 01:59:00 UTC,0,0,VOICEMAIL,0
CALL-00000231,CUST-00231,AGT-0031,8f89730af2fec1a983327cb61f78331badb49d6aaf7f3ce1e1a3b0b3eb801138,18885550100,voice,SALES-Q,2026-08-03 02:10:00 UTC,0,0,CALLBACK_SCHEDULED,0
CALL-00000232,CUST-00232,AGT-0032,488aa09624d4598db5fb3ba1e687c70e62a3387f0a145a4fa24a3f187d477bab,18885550200,voice,SUPPORT-Q,2026-08-03 02:21:00 UTC,363,57,ANSWERED,75
CALL-00000233,CUST-00233,AGT-0033,5300b16187157f21b62483a73adab71a3849ded8836da135758bd5c979290ba0,18005551234,voice,RETENTION-Q,2026-08-03 02:32:00 UTC,376,64,ANSWERED,80
CALL-00000234,CUST-00234,AGT-0034,733b6ea9fc21cf645bdf9fffd0f327e1342f590cae5ed3bdc70fe46859185c48,18005555678,chat,BILLING-Q,2026-08-03 02:43:00 UTC,389,71,ANSWERED,85
CALL-00000235,CUST-00235,,12efe611ac5564fe007777047ef1c076cf6f13a890c845864790fe957ea35126,18885550100,callback,TECH-Q,2026-08-03 02:54:00 UTC,0,0,ABANDONED,0
CALL-00000236,CUST-00236,AGT-0036,f1d9ea55378ecdacf2f4b7ab5a467e7fefe2f9abe83f5f30c2d0f9be7cf4183e,18885550200,voice,SALES-Q,2026-08-03 03:05:00 UTC,415,0,TRANSFER,5
CALL-00000237,CUST-00237,,765feb884983894fa433059e44ae8e32e1b01dc8f69d4c9d726b95e862da0e31,18005551234,voice,SUPPORT-Q,2026-08-03 03:16:00 UTC,0,0,VOICEMAIL,0
CALL-00000238,CUST-00238,AGT-0038,2f29e13854129efbddc760734672c34305dfbde4e8589401dc2e54a753b820d4,18005555678,voice,RETENTION-Q,2026-08-03 03:27:00 UTC,0,0,CALLBACK_SCHEDULED,0
CALL-00000239,CUST-00239,AGT-0039,2be8bde535fc197a2a1d1566a4ebdb4e35c49b3d99a7c6ea2f876149022ec1d0,18885550100,chat,BILLING-Q,2026-08-03 03:38:00 UTC,454,106,ANSWERED,20
CALL-00000240,CUST-00240,AGT-0040,fa9491c14f8a203ed927a72b1846bfca854d70f56f4aaa78eb65999a37f21c79,18885550200,callback,TECH-Q,2026-08-03 03:49:00 UTC,467,113,ANSWERED,25
CALL-00000241,CUST-00241,AGT-0001,46d110019b01863797de66f6c26891e2da7b3b77dd5dd78e5e36015d0e4ed757,18005551234,voice,SALES-Q,2026-08-03 04:00:00 UTC,480,0,ANSWERED,30
CALL-00000242,CUST-00242,,8008d9b1a647a3d97b8ec437b8db536b83de8c99a6ae634a115e0b5669d9eec5,18005555678,voice,SUPPORT-Q,2026-08-03 04:11:00 UTC,0,0,ABANDONED,0
CALL-00000243,CUST-00243,AGT-0003,18a3f6e6da1a4ba4082f701710e43aa3a4c4a74f3e758e5a8ac024977e2fde6f,18885550100,voice,RETENTION-Q,2026-08-03 04:22:00 UTC,506,0,TRANSFER,40
CALL-00000244,CUST-00244,,3e72f7fddaebf8d131c7f35eb7fee47b9d47fa414365c31be6100faeb256dce5,18885550200,chat,BILLING-Q,2026-08-03 04:33:00 UTC,0,0,VOICEMAIL,0
CALL-00000245,CUST-00245,AGT-0005,5933dc50cf1cfad6e49261e555b6cffea3c2b732130d2d99b8f39f1d9833f6e2,18005551234,callback,TECH-Q,2026-08-03 04:44:00 UTC,0,0,CALLBACK_SCHEDULED,0
CALL-00000246,CUST-00246,AGT-0006,66a132e253cf570324286b2fff1b408491bff9aed65ce655afd636cf746e4e0b,18005555678,voice,SALES-Q,2026-08-03 04:55:00 UTC,545,35,ANSWERED,55
CALL-00000247,CUST-00247,AGT-0007,ed82d051cbad758024a33ae922c7792b3c711bdf4424450d807880f5f44fea67,18885550100,voice,SUPPORT-Q,2026-08-03 05:06:00 UTC,558,42,ANSWERED,60
CALL-00000248,CUST-00248,AGT-0008,c1c6909dc8276a7d14f26000346c211386c9108c5d2ea19db024a3f9caa849ac,18885550200,voice,RETENTION-Q,2026-08-03 05:17:00 UTC,571,49,ANSWERED,65
CALL-00000249,CUST-00249,,78cf9bb4d2d783b0069d58a25b709101731275e9ad3f22c5f24adbbc440aaf06,18005551234,chat,BILLING-Q,2026-08-03 05:28:00 UTC,0,0,ABANDONED,0
CALL-00000250,CUST-00250,AGT-0010,df8dd76703676a6bb441f25012f60849d3226f67e6d64448470e28b96c608619,18005555678,callback,TECH-Q,2026-08-03 05:39:00 UTC,597,0,TRANSFER,75
CALL-00000251,CUST-00251,,6fd427c6af14ec351b64f7bfd15d16b4c752f5a0b335d43b4b59762a0a10130c,18885550100,voice,SALES-Q,2026-08-03 05:50:00 UTC,0,0,VOICEMAIL,0
CALL-00000252,CUST-00252,AGT-0012,1c742b857237a8cdc45a7c2f61488d5559edddb80dc22db4b5ef91b499494b98,18885550200,voice,SUPPORT-Q,2026-08-03 06:01:00 UTC,0,0,CALLBACK_SCHEDULED,0
CALL-00000253,CUST-00253,AGT-0013,9af3f6ed3e45be9dc0f531ba8908faaab387762bab81d1fc5f98ad77b1eb8e8e,18005551234,voice,RETENTION-Q,2026-08-03 06:12:00 UTC,636,84,ANSWERED,0
CALL-00000254,CUST-00254,AGT-0014,d0768134f916e3d9ba2e920579a3bec53ed6df2c474b6cc99ef683ef1f5e27af,18005555678,chat,BILLING-Q,2026-08-03 06:23:00 UTC,649,91,ANSWERED,5
CALL-00000255,CUST-00255,AGT-0015,c31aa004708fe142588b7e5b059636d56d8a50c7e061249606ef6d997b796a7d,18885550100,callback,TECH-Q,2026-08-03 06:34:00 UTC,662,98,ANSWERED,10
CALL-00000256,CUST-00256,,ba988b96f3751270164291b304c8f56b3d83d0aaf01328956970ed006f51c159,18885550200,voice,SALES-Q,2026-08-03 06:45:00 UTC,0,0,ABANDONED,0
CALL-00000257,CUST-00257,AGT-0017,572743ef9a879e60eda9a92bdeee13f0345efed208f043557f867e58b9bb3b86,18005551234,voice,SUPPORT-Q,2026-08-03 06:56:00 UTC,688,0,TRANSFER,20
CALL-00000258,CUST-00258,,195eaaaa5609e8cff172e4e4486a5b0aee3480339d9664c448aedf731b15321c,18005555678,voice,RETENTION-Q,2026-08-03 07:07:00 UTC,0,0,VOICEMAIL,0
CALL-00000259,CUST-00259,AGT-0019,78b3377add953e391343c4a409652f360cae08291b0949b560f7f0de4b103ae5,18885550100,chat,BILLING-Q,2026-08-03 07:18:00 UTC,0,0,CALLBACK_SCHEDULED,0
CALL-00000260,CUST-00260,AGT-0020,e70dd9842f7cf02ec27b99cbc4629bb433b706eb35f74b81198f76ce2595f65b,18885550200,callback,TECH-Q,2026-08-03 07:29:00 UTC,727,13,ANSWERED,35
CALL-00000261,CUST-00261,AGT-0021,57a88d55e4061fee316323efd21e84a8aac8d5d97e20760cc60fe57546d628b2,18005551234,voice,SALES-Q,2026-08-03 07:40:00 UTC,740,20,ANSWERED,40
CALL-00000262,CUST-00262,AGT-0022,f9134b7fe3bca20271564a7bb215b94326b7a6cd33101b2e2e4db4ad4b18c9c5,18005555678,voice,SUPPORT-Q,2026-08-03 07:51:00 UTC,753,27,ANSWERED,45
CALL-00000263,CUST-00263,,fb4d814ead441cbe0b56e7570c9cc8e623689547f0c53172d744ce20864cf563,18885550100,voice,RETENTION-Q,2026-08-03 08:02:00 UTC,0,0,ABANDONED,0
CALL-00000264,CUST-00264,AGT-0024,ef45d92b51e1a26b7794c92fcf7161d1c310a042fbac8fcf5b6c416b0e4b1541,18885550200,chat,BILLING-Q,2026-08-03 08:13:00 UTC,779,0,TRANSFER,55
CALL-00000265,CUST-00265,,0538cedf3c6497a7b5e9c10bf10d50c231baeb2a2b01c8d36506222e412eea1c,18005551234,callback,TECH-Q,2026-08-03 08:24:00 UTC,0,0,VOICEMAIL,0
CALL-00000266,CUST-00266,AGT-0026,40b78cd7d786617aeb4e3ce7c54c2ad033ba71cb5ea9f4343875da6b780121fb,18005555678,voice,SALES-Q,2026-08-03 08:35:00 UTC,0,0,CALLBACK_SCHEDULED,0
CALL-00000267,CUST-00267,AGT-0027,a9e178c8f85230158f54029eba391b7173f12103f0bf27abccacda4e356c52bb,18885550100,voice,SUPPORT-Q,2026-08-03 08:46:00 UTC,818,62,ANSWERED,70
CALL-00000268,CUST-00268,AGT-0028,f237bb649fdfd664994737e30bcc5cdc3b30aba91b58b53d0d6a409b04340e8e,18885550200,voice,RETENTION-Q,2026-08-03 08:57:00 UTC,831,69,ANSWERED,75
CALL-00000269,CUST-00269,AGT-0029,31c924299cfce5cc427353495922dea4ea251fe7a978c959488784ce3c805a93,18005551234,chat,BILLING-Q,2026-08-03 09:08:00 UTC,844,76,ANSWERED,80
CALL-00000270,CUST-00270,,e2dacd54f82058b5b6497a7aacadd6896f0385b479f962b6f9567d8cd558fb88,18005555678,callback,TECH-Q,2026-08-03 09:19:00 UTC,0,0,ABANDONED,0
CALL-00000271,CUST-00271,AGT-0031,008cbc2dc0d1b9570605c6dfcd0369d70844a3229daf95e947c3df91c0423ae7,18885550100,voice,SALES-Q,2026-08-03 09:30:00 UTC,870,0,TRANSFER,0
CALL-00000272,CUST-00272,,b3b216bb111b231aa534daef5fc7dea078379bce62f01df3b03aae1279cb105a,18885550200,voice,SUPPORT-Q,2026-08-03 09:41:00 UTC,0,0,VOICEMAIL,0
CALL-00000273,CUST-00273,AGT-0033,0f12e7f30462fd31c7e2747c7f1776a0be446d50cda596315fc3b9d632f6eb95,18005551234,voice,RETENTION-Q,2026-08-03 09:52:00 UTC,0,0,CALLBACK_SCHEDULED,0
CALL-00000274,CUST-00274,AGT-0034,31e65af6566991e0a6cbd457983baedf5292939b8038465235ccb5b1ca339d26,18005555678,chat,BILLING-Q,2026-08-03 10:03:00 UTC,909,111,ANSWERED,15
CALL-00000275,CUST-00275,AGT-0035,ae2a28e489f11abcc22440580d8f45f365d6524439091f48ddfc905f4d7e7b14,18885550100,callback,TECH-Q,2026-08-03 10:14:00 UTC,922,118,ANSWERED,20
CALL-00000276,CUST-00276,AGT-0036,8427a76184cd147f1cad6245fddc1a03a44bcbc78acee62bb4fa1fa927728329,18885550200,voice,SALES-Q,2026-08-03 10:25:00 UTC,935,5,ANSWERED,25
CALL-00000277,CUST-00277,,024925c63551d25dbd35a0e0806a13a50108b6de5600f65713b13a4746302bf4,18005551234,voice,SUPPORT-Q,2026-08-03 10:36:00 UTC,0,0,ABANDONED,0
CALL-00000278,CUST-00278,AGT-0038,adca21944c88404c2ab42f70d13342a693be0b0462f044e34b580ab378adc3d0,18005555678,voice,RETENTION-Q,2026-08-03 10:47:00 UTC,61,0,TRANSFER,35
CALL-00000279,CUST-00279,,4aa5b1202bd72b11eafb31cc593836fc6a4e3f32462344999771b370291f1952,18885550100,chat,BILLING-Q,2026-08-03 10:58:00 UTC,0,0,VOICEMAIL,0
CALL-00000280,CUST-00280,AGT-0040,2c691bd4238dfa3387e65be6e9000e78853a9ca3e6101ff05bb947c660a7d2c1,18885550200,callback,TECH-Q,2026-08-03 11:09:00 UTC,0,0,CALLBACK_SCHEDULED,0
CALL-00000281,CUST-00281,AGT-0001,9723bd791369baf4d5a9e03dbb27d94b26496208c30779ee684eb881f54cfe7b,18005551234,voice,SALES-Q,2026-08-03 11:20:00 UTC,100,40,ANSWERED,50
CALL-00000282,CUST-00282,AGT-0002,61ca0a7f623f16e3c291aee069a2193bf8cf6f300aa6e57d61219c79952653d0,18005555678,voice,SUPPORT-Q,2026-08-03 11:31:00 UTC,113,47,ANSWERED,55
CALL-00000283,CUST-00283,AGT-0003,6ae473561bb85335dd05933d19510a2e685f9404547b188479c907ed228d872f,18885550100,voice,RETENTION-Q,2026-08-03 11:42:00 UTC,126,54,ANSWERED,60
CALL-00000284,CUST-00284,,3e609624ccfbb48455029a9d3cda224bf51db3c91e773ac4ececf5458bb756da,18885550200,chat,BILLING-Q,2026-08-03 11:53:00 UTC,0,0,ABANDONED,0
CALL-00000285,CUST-00285,AGT-0005,115d42a3f7c73c7543846b3acc102293f5319c966dfad6f0fb4cc5564d14302b,18005551234,callback,TECH-Q,2026-08-03 12:04:00 UTC,152,0,TRANSFER,70
CALL-00000286,CUST-00286,,a948c741d248a26a2d75329310327189842066af2dc3bb405c7aeb7942833425,18005555678,voice,SALES-Q,2026-08-03 12:15:00 UTC,0,0,VOICEMAIL,0
CALL-00000287,CUST-00287,AGT-0007,8e59717aa1e390fd848d108b6f48541eebadf39489a05e0bd69b8b9388597e64,18885550100,voice,SUPPORT-Q,2026-08-03 12:26:00 UTC,0,0,CALLBACK_SCHEDULED,0
CALL-00000288,CUST-00288,AGT-0008,404c2f2c4ef481cc24d3a872c0f44e5cc19357141f688c29dc4e601e406cac1d,18885550200,voice,RETENTION-Q,2026-08-03 12:37:00 UTC,191,89,ANSWERED,85
CALL-00000289,CUST-00289,AGT-0009,1b402a729e399509a8e45cabaef749810ced63acd6dde32b9ebbc35e3feb8dd7,18005551234,chat,BILLING-Q,2026-08-03 12:48:00 UTC,204,96,ANSWERED,0
CALL-00000290,CUST-00290,AGT-0010,0b2c717cb747aacae896080c7ef54cb92bc862fdb98f8920d20694f31e23bb6d,18005555678,callback,TECH-Q,2026-08-03 12:59:00 UTC,217,103,ANSWERED,5
CALL-00000291,CUST-00291,,35c953a3880717c1729c53331a718177ae049f79b294bd5e0ecdc9dc4fac223e,18885550100,voice,SALES-Q,2026-08-03 13:10:00 UTC,0,0,ABANDONED,0
CALL-00000292,CUST-00292,AGT-0012,2f497b4f0b1cc9613228c940a9ed4918618196dc3e37f031cb9024ea7f531ef7,18885550200,voice,SUPPORT-Q,2026-08-03 13:21:00 UTC,243,0,TRANSFER,15
CALL-00000293,CUST-00293,,594dca59e22324853157da0b430bbeb6bce82a461dfa96b1ebae07e710cf0434,18005551234,voice,RETENTION-Q,2026-08-03 13:32:00 UTC,0,0,VOICEMAIL,0
CALL-00000294,CUST-00294,AGT-0014,6b2a14ad26947dbfc0e63eeffc25365d893e448d4d7feb94103fdf925fa15ce2,18005555678,chat,BILLING-Q,2026-08-03 13:43:00 UTC,0,0,CALLBACK_SCHEDULED,0
CALL-00000295,CUST-00295,AGT-0015,81119f4d438480c76a7150cc363a9f664b5750766f338d2f52e7d7ef569fb9b0,18885550100,callback,TECH-Q,2026-08-03 13:54:00 UTC,282,18,ANSWERED,30
CALL-00000296,CUST-00296,AGT-0016,f9b06c96d7dabba57cfebe16ec64eaca630cc60aeea5b896b4902c5f47fe1680,18885550200,voice,SALES-Q,2026-08-03 14:05:00 UTC,295,25,ANSWERED,35
CALL-00000297,CUST-00297,AGT-0017,7cb8205ff7195e732719c2401c2cb8d3bd9087f03e586bed1f216e75c8d891d5,18005551234,voice,SUPPORT-Q,2026-08-03 14:16:00 UTC,308,32,ANSWERED,40
CALL-00000298,CUST-00298,,5d21300986d164916f9d72bfb11e342ceca8456b93dde4b57e5bc96ee5357d20,18005555678,voice,RETENTION-Q,2026-08-03 14:27:00 UTC,0,0,ABANDONED,0
CALL-00000299,CUST-00299,AGT-0019,e92697d24b4d88c766358c1dbe671b4cfca7be31c8cf0fbb4820d639b29a4c2c,18885550100,chat,BILLING-Q,2026-08-03 14:38:00 UTC,334,0,TRANSFER,50
CALL-00000300,CUST-00300,,d68c8488fd447fa05997a224fd502db96aecf212118d8f8b9332c7479e6488e9,18885550200,callback,TECH-Q,2026-08-03 14:49:00 UTC,0,0,VOICEMAIL,0
CALL-00000301,CUST-00001,AGT-0021,fe49b053065dac93758e267846f0f21934051cc4b02f0b304de122c71e7d83c1,18005551234,voice,SALES-Q,2026-08-03 15:00:00 UTC,0,0,CALLBACK_SCHEDULED,0
CALL-00000302,CUST-00002,AGT-0022,607616040194b8a846ff72de8059f0d0ba2cbcdc91b6cf92b3614d68afaa3bc8,18005555678,voice,SUPPORT-Q,2026-08-03 15:11:00 UTC,373,67,ANSWERED,65
CALL-00000303,CUST-00003,AGT-0023,131a31ebe0e43464462af132091d2a42c0bc8ac375810cc16eb57c6c8a0891a2,18885550100,voice,RETENTION-Q,2026-08-03 15:22:00 UTC,386,74,ANSWERED,70
CALL-00000304,CUST-00004,AGT-0024,db0d00a1f8d6addcfb97e806b8f809cdbb66d618f9982ae8c60883dcdceda158,18885550200,chat,BILLING-Q,2026-08-03 15:33:00 UTC,399,81,ANSWERED,75
CALL-00000305,CUST-00005,,7bde6aaa5581154c8c8a641131d533a5b5e319c482f5dbd78acf8c319c24f45b,18005551234,callback,TECH-Q,2026-08-03 15:44:00 UTC,0,0,ABANDONED,0
CALL-00000306,CUST-00006,AGT-0026,a4a2ccabb6f9279160439eec7fa056da116186d6099ba6bc007cd1054bdf4b93,18005555678,voice,SALES-Q,2026-08-03 15:55:00 UTC,425,0,TRANSFER,85
CALL-00000307,CUST-00007,,bfb390c5af987f9d1f85ae6856c8e2a24095d7b382b7e13d59cbd3d9e53c005d,18885550100,voice,SUPPORT-Q,2026-08-03 16:06:00 UTC,0,0,VOICEMAIL,0
CALL-00000308,CUST-00008,AGT-0028,c331f6f1fae080118fee74e2d154f9ea22a7e440830f78eaebc5f7954cd1c810,18885550200,voice,RETENTION-Q,2026-08-03 16:17:00 UTC,0,0,CALLBACK_SCHEDULED,0
CALL-00000309,CUST-00009,AGT-0029,6421ec28f78e78dc993f0e3d2538083aafb299a93c378f2d4902e5b0b129a904,18005551234,chat,BILLING-Q,2026-08-03 16:28:00 UTC,464,116,ANSWERED,10
CALL-00000310,CUST-00010,AGT-0030,afbcca25e784f0d82c17b1d038eab87b17d3c9be0fc3c860636afef5a6f10a56,18005555678,callback,TECH-Q,2026-08-03 16:39:00 UTC,477,3,ANSWERED,15
CALL-00000311,CUST-00011,AGT-0031,82dbf541560129efe3ca7efbb38832d6af2071bde89763704801395de549a332,18885550100,voice,SALES-Q,2026-08-03 16:50:00 UTC,490,10,ANSWERED,20
CALL-00000312,CUST-00012,,01ee46fa6b50302d8508b3dccf9d3e4c0b715a953a3788266a5a203dbb4e5b1d,18885550200,voice,SUPPORT-Q,2026-08-03 17:01:00 UTC,0,0,ABANDONED,0
CALL-00000313,CUST-00013,AGT-0033,4e9530e42b6972890678850e67f8f4560c40723d829f1edbed814eb205c2f3f8,18005551234,voice,RETENTION-Q,2026-08-03 17:12:00 UTC,516,0,TRANSFER,30
CALL-00000314,CUST-00014,,7a0b819a57ba92bc1ab4e06c8888e9007f30228020f227edddc8cb4f5a6f8ec4,18005555678,chat,BILLING-Q,2026-08-03 17:23:00 UTC,0,0,VOICEMAIL,0
CALL-00000315,CUST-00015,AGT-0035,3778e58de969a7c79c930025b029f581cbbdac7ad47ec0f56793034c055b67ce,18885550100,callback,TECH-Q,2026-08-03 17:34:00 UTC,0,0,CALLBACK_SCHEDULED,0
CALL-00000316,CUST-00016,AGT-0036,244b641376245b9456154d83f642b8c9fc61fff517844067e9843ab90f858459,18885550200,voice,SALES-Q,2026-08-03 17:45:00 UTC,555,45,ANSWERED,45
CALL-00000317,CUST-00017,AGT-0037,d81c78180a4a338b12a4bb89efd47b7a0b8caabeb6e743e9a7faeca64882f871,18005551234,voice,SUPPORT-Q,2026-08-03 17:56:00 UTC,568,52,ANSWERED,50
CALL-00000318,CUST-00018,AGT-0038,75a70f2da16f8ec1d30ebafc5319667368354dca16b9958a9f1b51b19f2a7a74,18005555678,voice,RETENTION-Q,2026-08-03 18:07:00 UTC,581,59,ANSWERED,55
CALL-00000319,CUST-00019,,f13bb6449c801be6e4fd96ebd43b7ca9cb8d37798e752540eabf47f6c6aa25c7,18885550100,chat,BILLING-Q,2026-08-03 18:18:00 UTC,0,0,ABANDONED,0
CALL-00000320,CUST-00020,AGT-0040,8bae31b4a78428ffb375ae5d9ae85fa4f5a45694b6df755d63ac6606e8feceff,18885550200,callback,TECH-Q,2026-08-03 18:29:00 UTC,607,0,TRANSFER,65
CALL-00000321,CUST-00021,,ae8ccfb141892a297230664b8380905308f376e824b64eb546e65845598c069d,18005551234,voice,SALES-Q,2026-08-03 18:40:00 UTC,0,0,VOICEMAIL,0
CALL-00000322,CUST-00022,AGT-0002,e58acb7dcb1e40503d8059759b51d72aa1dea89c261a4722b1cc1e973d40124b,18005555678,voice,SUPPORT-Q,2026-08-03 18:51:00 UTC,0,0,CALLBACK_SCHEDULED,0
CALL-00000323,CUST-00023,AGT-0003,6945931afe2f7055c1bcc39173c4bbb7eed1a3237a55e07486b8f5614340123a,18885550100,voice,RETENTION-Q,2026-08-03 19:02:00 UTC,646,94,ANSWERED,80
CALL-00000324,CUST-00024,AGT-0004,71215341f42bcce03ed93c65d33c8674b4a761edf55dd4450b6cf25169bc9641,18885550200,chat,BILLING-Q,2026-08-03 19:13:00 UTC,659,101,ANSWERED,85
CALL-00000325,CUST-00025,AGT-0005,7cb93733de40a1be5d14a62448fdbc4c12e2b7224a8f87ac1adedaa4dda998d3,18005551234,callback,TECH-Q,2026-08-03 19:24:00 UTC,672,108,ANSWERED,0
CALL-00000326,CUST-00026,,02efced660a71b23587c32bac3a40548c07a6173fd0b8e810fbe12610fb33516,18005555678,voice,SALES-Q,2026-08-03 19:35:00 UTC,0,0,ABANDONED,0
CALL-00000327,CUST-00027,AGT-0007,3e3739e33763b7612e950064d865a6e151bbebbe8e8e70a6d402f9d537d9a4f4,18885550100,voice,SUPPORT-Q,2026-08-03 19:46:00 UTC,698,0,TRANSFER,10
CALL-00000328,CUST-00028,,cd6ff03a432d99d29af28d2510ddb863d085175075ef358c66819285be265da7,18885550200,voice,RETENTION-Q,2026-08-03 19:57:00 UTC,0,0,VOICEMAIL,0
CALL-00000329,CUST-00029,AGT-0009,9dd232b2c3442562e6f10e365b64cd90d6195930a3576b5d649dde5262ec51b9,18005551234,chat,BILLING-Q,2026-08-03 20:08:00 UTC,0,0,CALLBACK_SCHEDULED,0
CALL-00000330,CUST-00030,AGT-0010,220887ebc16eecd2d5d801037f306bbfc28f66e58eb209521cf34b17e852d111,18005555678,callback,TECH-Q,2026-08-03 20:19:00 UTC,737,23,ANSWERED,25
CALL-00000331,CUST-00031,AGT-0011,93778970f159cc75dc1b538ce165103321a2f38c6911f06a01ee10f55d79f938,18885550100,voice,SALES-Q,2026-08-03 20:30:00 UTC,750,30,ANSWERED,30
CALL-00000332,CUST-00032,AGT-0012,a6759dc469625eb91d961e736cec71855deb0618b0ff74a19a53d6cb6d9b8b59,18885550200,voice,SUPPORT-Q,2026-08-03 20:41:00 UTC,763,37,ANSWERED,35
CALL-00000333,CUST-00033,,d87ced82620315ae170968bc90cb64800cf0e826592c3418b88e85ede621cc36,18005551234,voice,RETENTION-Q,2026-08-03 20:52:00 UTC,0,0,ABANDONED,0
CALL-00000334,CUST-00034,AGT-0014,ee4d540c5f05f328cc9b9a00c41528c9a58145b608f82778b2e3da2f4e7e1dff,18005555678,chat,BILLING-Q,2026-08-03 21:03:00 UTC,789,0,TRANSFER,45
CALL-00000335,CUST-00035,,5d202cf55b957d9858ad3eb1d51b70507662910fba902f16dd96c5fe1d7fe0c2,18885550100,callback,TECH-Q,2026-08-03 21:14:00 UTC,0,0,VOICEMAIL,0
CALL-00000336,CUST-00036,AGT-0016,bec01dd0b112b899a54ec94df144ab03f3f5465c8e332e28c2daa41c6a8bea2b,18885550200,voice,SALES-Q,2026-08-03 21:25:00 UTC,0,0,CALLBACK_SCHEDULED,0
CALL-00000337,CUST-00037,AGT-0017,b89c598d965dc16d39722c10496a760bd629b0d579c6bb0e1c204416cb82f11f,18005551234,voice,SUPPORT-Q,2026-08-03 21:36:00 UTC,828,72,ANSWERED,60
CALL-00000338,CUST-00038,AGT-0018,abece7cb6dea8b84c5fe4784db7288f899433643d524ab259703ce448aa3bbae,18005555678,voice,RETENTION-Q,2026-08-03 21:47:00 UTC,841,79,ANSWERED,65
CALL-00000339,CUST-00039,AGT-0019,4359ac41575c394370f558d54e535d03df5772186b688422eb2bf5b74647e446,18885550100,chat,BILLING-Q,2026-08-03 21:58:00 UTC,854,86,ANSWERED,70
CALL-00000340,CUST-00040,,dad899dc0e23c17e9b8a2516a440c391b4f059b64fe3465ea6e33dcbd1ad9200,18885550200,callback,TECH-Q,2026-08-03 22:09:00 UTC,0,0,ABANDONED,0
CALL-00000341,CUST-00041,AGT-0021,d34e223fa53ccbb79aa30dfc5c1a7dfdaed3b0c241c9fe873ce4f519803f12b5,18005551234,voice,SALES-Q,2026-08-03 22:20:00 UTC,880,0,TRANSFER,80
CALL-00000342,CUST-00042,,51f4861a1da516011a12e413e93975cb5b0d0d129b632c9c3e051a68b632684d,18005555678,voice,SUPPORT-Q,2026-08-03 22:31:00 UTC,0,0,VOICEMAIL,0
CALL-00000343,CUST-00043,AGT-0023,5e9bb0a0bde64bbfabdb02baf34ec671475194f9b9acdac5927c576846516e99,18885550100,voice,RETENTION-Q,2026-08-03 22:42:00 UTC,0,0,CALLBACK_SCHEDULED,0
CALL-00000344,CUST-00044,AGT-0024,fad89eb792b996f11b9587f82d1dd05971bb0085eef84bc59f86085f6037ece5,18885550200,chat,BILLING-Q,2026-08-03 22:53:00 UTC,919,1,ANSWERED,5
CALL-00000345,CUST-00045,AGT-0025,777d4698ecc676258fba5d0a8a3305f1df00a3d1d6e7b9a47dc156f4a48ac212,18005551234,callback,TECH-Q,2026-08-03 23:04:00 UTC,932,8,ANSWERED,10
CALL-00000346,CUST-00046,AGT-0026,c6209c7e58cf9df4601a56369d88167e41d8b8074e61dcf9c86a134800a05799,18005555678,voice,SALES-Q,2026-08-03 23:15:00 UTC,945,15,ANSWERED,15
CALL-00000347,CUST-00047,,26953d32b90b7529b29f6d8065c1face7046e47ec0e02ba6127502737ffd2ba0,18885550100,voice,SUPPORT-Q,2026-08-03 23:26:00 UTC,0,0,ABANDONED,0
CALL-00000348,CUST-00048,AGT-0028,d58abd3b2c913986f524c77d8955a1eba4ea64b263c7c2fb86c7679298cb3ecf,18885550200,voice,RETENTION-Q,2026-08-03 23:37:00 UTC,71,0,TRANSFER,25
CALL-00000349,CUST-00049,,be88b54fd636aabc8544d50d4a643c52fabd4b474cd81c24782a288080b71733,18005551234,chat,BILLING-Q,2026-08-03 23:48:00 UTC,0,0,VOICEMAIL,0
CALL-00000350,CUST-00050,AGT-0030,249727a422f9f69524333420b641f720ba57984027fd286c8c714fdc5827c4a3,18005555678,callback,TECH-Q,2026-08-03 23:59:00 UTC,0,0,CALLBACK_SCHEDULED,0
CALL-00000351,CUST-00051,AGT-0031,420f8296a853b4e56dcd2fb0b85c2539139098bd0575711534f7bc52aaaa2567,18885550100,voice,SALES-Q,2026-08-04 00:10:00 UTC,110,50,ANSWERED,40
CALL-00000352,CUST-00052,AGT-0032,cf13d728edeef07ad22ba19e187dd4d5ca1c66b45233b9d62be3889819037b94,18885550200,voice,SUPPORT-Q,2026-08-04 00:21:00 UTC,123,57,ANSWERED,45
CALL-00000353,CUST-00053,AGT-0033,f3e06f1a8ded3bafcb7e557f9e3d07d2ece037f672fae99be56662463f48d190,18005551234,voice,RETENTION-Q,2026-08-04 00:32:00 UTC,136,64,ANSWERED,50
CALL-00000354,CUST-00054,,69ac87460713f36ac1fc4ce76cfcd8dd289f6ece8bef6f1daa29cc7ebe34c8f1,18005555678,chat,BILLING-Q,2026-08-04 00:43:00 UTC,0,0,ABANDONED,0
CALL-00000355,CUST-00055,AGT-0035,eb875370f8fcaeeb2a307ec2b6dac0b29fbd95b2b285f66434f633d00e1a9fdc,18885550100,callback,TECH-Q,2026-08-04 00:54:00 UTC,162,0,TRANSFER,60
CALL-00000356,CUST-00056,,8d847b7250bbdda0e1d015c0ed6f8e95aae67031977b91ae5dd1f9c803972ffc,18885550200,voice,SALES-Q,2026-08-04 01:05:00 UTC,0,0,VOICEMAIL,0
CALL-00000357,CUST-00057,AGT-0037,3ca78bee0d62016840e754328cc3315e682c2759bd9e869fca0159113d24a561,18005551234,voice,SUPPORT-Q,2026-08-04 01:16:00 UTC,0,0,CALLBACK_SCHEDULED,0
CALL-00000358,CUST-00058,AGT-0038,37412d29b22501855d39e3965c8d3b1bde9acfbdfae71b01553057f27244f902,18005555678,voice,RETENTION-Q,2026-08-04 01:27:00 UTC,201,99,ANSWERED,75
CALL-00000359,CUST-00059,AGT-0039,96172f09eccdded4710e39ee0d587816c7275e0213108a054d1d42c5525ec610,18885550100,chat,BILLING-Q,2026-08-04 01:38:00 UTC,214,106,ANSWERED,80
CALL-00000360,CUST-00060,AGT-0040,e534de450df71d06197c29a7ed0c76c60a6d121678b448591f7e9aa84a29001c,18885550200,callback,TECH-Q,2026-08-04 01:49:00 UTC,227,113,ANSWERED,85
CALL-00000361,CUST-00061,,b7bf56c01fff72844db01bcba0ec4fd77e359a6523d68d6d2b79bb397346ee2b,18005551234,voice,SALES-Q,2026-08-04 02:00:00 UTC,0,0,ABANDONED,0
CALL-00000362,CUST-00062,AGT-0002,8ad2790e8255266cc8097edaa6b18527d8f9d1265a92c6215f0d70ffa28d3289,18005555678,voice,SUPPORT-Q,2026-08-04 02:11:00 UTC,253,0,TRANSFER,5
CALL-00000363,CUST-00063,,cdca56d3e4f3e87ccbd6618cfe83955969f4315e15c5676ba478cc7d17e705ef,18885550100,voice,RETENTION-Q,2026-08-04 02:22:00 UTC,0,0,VOICEMAIL,0
CALL-00000364,CUST-00064,AGT-0004,c0415de904d340b1d00560fb9255d9738c6750d1084493c0ab0ae019fdc2b241,18885550200,chat,BILLING-Q,2026-08-04 02:33:00 UTC,0,0,CALLBACK_SCHEDULED,0
CALL-00000365,CUST-00065,AGT-0005,3e2b6530878fc529e9beeab5eeed8bda0c5ba535d68b3aa786a32f19e1fae2d7,18005551234,callback,TECH-Q,2026-08-04 02:44:00 UTC,292,28,ANSWERED,20
CALL-00000366,CUST-00066,AGT-0006,47a66b4c793ca8f028c29b8d130c5f930f5732b0a4744292faa8a5eed5b51468,18005555678,voice,SALES-Q,2026-08-04 02:55:00 UTC,305,35,ANSWERED,25
CALL-00000367,CUST-00067,AGT-0007,f506fb89d295139ccc4010142200a0abb5b6bfbc3b6163b377e6ed353019a444,18885550100,voice,SUPPORT-Q,2026-08-04 03:06:00 UTC,318,42,ANSWERED,30
CALL-00000368,CUST-00068,,7c6c890b008d885eaca51d5b5aad6a53bd19ba468517dbe5a9e47147a5a315eb,18885550200,voice,RETENTION-Q,2026-08-04 03:17:00 UTC,0,0,ABANDONED,0
CALL-00000369,CUST-00069,AGT-0009,0ee3b7362e580354441f42088421b97d41c45588341eaec41c3006ddcb8538b3,18005551234,chat,BILLING-Q,2026-08-04 03:28:00 UTC,344,0,TRANSFER,40
CALL-00000370,CUST-00070,,e8777b2b681007fad0cab47a10570d38026d1805ec170466f37b18b8e0285303,18005555678,callback,TECH-Q,2026-08-04 03:39:00 UTC,0,0,VOICEMAIL,0
CALL-00000371,CUST-00071,AGT-0011,caf01c6bcb02cf5a90cf8413e00ca7ec32a6f591418bc6ae2b9adac3da80113c,18885550100,voice,SALES-Q,2026-08-04 03:50:00 UTC,0,0,CALLBACK_SCHEDULED,0
CALL-00000372,CUST-00072,AGT-0012,f29f9b42e95e74e38fc1961435373a87d1ad86eb6898f88f444d96473f151eef,18885550200,voice,SUPPORT-Q,2026-08-04 04:01:00 UTC,383,77,ANSWERED,55
CALL-00000373,CUST-00073,AGT-0013,2b98d7f12b7bc048a784998dc4f772d922b18961c67bc6b120669b80acae350f,18005551234,voice,RETENTION-Q,2026-08-04 04:12:00 UTC,396,84,ANSWERED,60
CALL-00000374,CUST-00074,AGT-0014,6311baf879aced6be3a2e549c2ef119033626adc8b858ca184355a6b1d903e84,18005555678,chat,BILLING-Q,2026-08-04 04:23:00 UTC,409,91,ANSWERED,65
CALL-00000375,CUST-00075,,19cdb30b9ed037e8708f2d1179a54b87b2b5197f8a3adbc61e70b9b13bed1772,18885550100,callback,TECH-Q,2026-08-04 04:34:00 UTC,0,0,ABANDONED,0
CALL-00000376,CUST-00076,AGT-0016,18624475344221379507fea3fa37fd13414e4ac615c5f9e1113f3d325ec22c84,18885550200,voice,SALES-Q,2026-08-04 04:45:00 UTC,435,0,TRANSFER,75
CALL-00000377,CUST-00077,,c8df7ebb05862c9d5856b8355dd3427284837fbf54ff7e1efb95a70a75a06b97,18005551234,voice,SUPPORT-Q,2026-08-04 04:56:00 UTC,0,0,VOICEMAIL,0
CALL-00000378,CUST-00078,AGT-0018,59b3bb10d5414d01c351b8b6ca8841709bdbbb46784d442fd1eeb7aed7bf63d8,18005555678,voice,RETENTION-Q,2026-08-04 05:07:00 UTC,0,0,CALLBACK_SCHEDULED,0
CALL-00000379,CUST-00079,AGT-0019,717490b178e121a9adf525decc45378755b8052e60209360ec972ca1da3cfd47,18885550100,chat,BILLING-Q,2026-08-04 05:18:00 UTC,474,6,ANSWERED,0
CALL-00000380,CUST-00080,AGT-0020,3c5d58cfa5b748be4dadde0ce9f194fc7124082c977c6936b27ee8ade301a36d,18885550200,callback,TECH-Q,2026-08-04 05:29:00 UTC,487,13,ANSWERED,5
CALL-00000381,CUST-00081,AGT-0021,02026ef159d1c24055538367cc2aab2a9e4ecf0161edcaa1caa84b05b0753fb9,18005551234,voice,SALES-Q,2026-08-04 05:40:00 UTC,500,20,ANSWERED,10
CALL-00000382,CUST-00082,,295c7d919e4f613431449f314415a073a94cb9cde259d05b24a8cfd0ef7b4b04,18005555678,voice,SUPPORT-Q,2026-08-04 05:51:00 UTC,0,0,ABANDONED,0
CALL-00000383,CUST-00083,AGT-0023,ff82f65c866821d503cd17da4eb929d6df6ae3c25c303612ca15c9545b7f6f42,18885550100,voice,RETENTION-Q,2026-08-04 06:02:00 UTC,526,0,TRANSFER,20
CALL-00000384,CUST-00084,,a8354ca61f671be45c2fd5f95c67956be646057b7f5a65de77d12ed3274e3415,18885550200,chat,BILLING-Q,2026-08-04 06:13:00 UTC,0,0,VOICEMAIL,0
CALL-00000385,CUST-00085,AGT-0025,83bb5475963ce1e4f6faf44fb64adf22994e33d52e0b56eb0bb1e7cd919679fa,18005551234,callback,TECH-Q,2026-08-04 06:24:00 UTC,0,0,CALLBACK_SCHEDULED,0
CALL-00000386,CUST-00086,AGT-0026,bd8eeded98afca46d3788f396658f1915f8016ee44f11dc3ce27d56c763d14c2,18005555678,voice,SALES-Q,2026-08-04 06:35:00 UTC,565,55,ANSWERED,35
CALL-00000387,CUST-00087,AGT-0027,2c962fe3ca3118086d86f51dadab63ba4a3bf45b0f231912e997257fbbbceaff,18885550100,voice,SUPPORT-Q,2026-08-04 06:46:00 UTC,578,62,ANSWERED,40
CALL-00000388,CUST-00088,AGT-0028,6721225848e160844a510bd00a163c10d93cf5cd0cbff670581be504a36f2411,18885550200,voice,RETENTION-Q,2026-08-04 06:57:00 UTC,591,69,ANSWERED,45
CALL-00000389,CUST-00089,,c578a8aec37d7b604e0d56a148c062c31067471b17718dc8d7511dc041788e57,18005551234,chat,BILLING-Q,2026-08-04 07:08:00 UTC,0,0,ABANDONED,0
CALL-00000390,CUST-00090,AGT-0030,40790300887b3b1df768557c0b959e6f2b91d66245081e96e9f62f0a356523d3,18005555678,callback,TECH-Q,2026-08-04 07:19:00 UTC,617,0,TRANSFER,55
CALL-00000391,CUST-00091,,920d22424cb7a15d354d46c2ea258b0f342b2236306af459312f773a2449fe7f,18885550100,voice,SALES-Q,2026-08-04 07:30:00 UTC,0,0,VOICEMAIL,0
CALL-00000392,CUST-00092,AGT-0032,823dae236318baf6f771e41a170991b4d8eefb29d939668170aae8fc500afbdd,18885550200,voice,SUPPORT-Q,2026-08-04 07:41:00 UTC,0,0,CALLBACK_SCHEDULED,0
CALL-00000393,CUST-00093,AGT-0033,10ff367fe8ec0662347cbdddef606b813f8f9e3bf84f5fc779edffe2cf53c206,18005551234,voice,RETENTION-Q,2026-08-04 07:52:00 UTC,656,104,ANSWERED,70
CALL-00000394,CUST-00094,AGT-0034,b7f484c79cb92ffcc30ed81feb2f025005217cd469a7f3bbc0a609756751dbaf,18005555678,chat,BILLING-Q,2026-08-04 08:03:00 UTC,669,111,ANSWERED,75
CALL-00000395,CUST-00095,AGT-0035,c4ae3be1c480024702329cd03169925f95443d85f9e774d71815b565def72a26,18885550100,callback,TECH-Q,2026-08-04 08:14:00 UTC,682,118,ANSWERED,80
CALL-00000396,CUST-00096,,603813ac6f45cdaf093ea153f27d8aa2fb17a0b3477c0d22319fd25b425bad3a,18885550200,voice,SALES-Q,2026-08-04 08:25:00 UTC,0,0,ABANDONED,0
CALL-00000397,CUST-00097,AGT-0037,4c641ba50240140926524980d6df2eec9b4497b45266b4f25c20efe3d7e98615,18005551234,voice,SUPPORT-Q,2026-08-04 08:36:00 UTC,708,0,TRANSFER,0
CALL-00000398,CUST-00098,,db4bab1bdd7528b2316fa23c8c0045acfee52d7adadaaa4e16def1143d5784b5,18005555678,voice,RETENTION-Q,2026-08-04 08:47:00 UTC,0,0,VOICEMAIL,0
CALL-00000399,CUST-00099,AGT-0039,69d3524a2adb39f59021f2b00c8772c45a68e1196904b1dc87edea5e17d8ced3,18885550100,chat,BILLING-Q,2026-08-04 08:58:00 UTC,0,0,CALLBACK_SCHEDULED,0
CALL-00000400,CUST-00100,AGT-0040,41bac9e495584882002e2b358635e1194b9ece336f24fcd3542faff6a9db3fdf,18885550200,callback,TECH-Q,2026-08-04 09:09:00 UTC,747,33,ANSWERED,15
CALL-00000401,CUST-00101,AGT-0001,57225ea3114f9f08c1eec31131ca1540c0263eeabccf2014eee14b2391d0ea85,18005551234,voice,SALES-Q,2026-08-04 09:20:00 UTC,760,40,ANSWERED,20
CALL-00000402,CUST-00102,AGT-0002,20643b1fd322c0007e2d4737edc68e11443153e6499e7ea7dd1bb6b1661ea6d3,18005555678,voice,SUPPORT-Q,2026-08-04 09:31:00 UTC,773,47,ANSWERED,25
CALL-00000403,CUST-00103,,ee6520bb62c2231ad7637558dd2b87356bc8aaeb581b1775bda93e61d4724894,18885550100,voice,RETENTION-Q,2026-08-04 09:42:00 UTC,0,0,ABANDONED,0
CALL-00000404,CUST-00104,AGT-0004,033d7661755bc1264826e86180ee80c063b52006cd363f10997a2f4ed419f811,18885550200,chat,BILLING-Q,2026-08-04 09:53:00 UTC,799,0,TRANSFER,35
CALL-00000405,CUST-00105,,065f7f688bad6eed3d6d7aeb23f4e613faa45539829375f4f3032f6834a3bd38,18005551234,callback,TECH-Q,2026-08-04 10:04:00 UTC,0,0,VOICEMAIL,0
CALL-00000406,CUST-00106,AGT-0006,ddd3dc89074a85ed6b1fa4304420b53158152cc750918edc4c69b4645087f5dd,18005555678,voice,SALES-Q,2026-08-04 10:15:00 UTC,0,0,CALLBACK_SCHEDULED,0
CALL-00000407,CUST-00107,AGT-0007,fea9ef0c7ee989673d22e391023d6b7d9976dcbc221f7d7a87232bd9e9da34ee,18885550100,voice,SUPPORT-Q,2026-08-04 10:26:00 UTC,838,82,ANSWERED,50
CALL-00000408,CUST-00108,AGT-0008,3a5c856b3eef5fe498f46f7c99881c5b5ab3c7d048f208a6f00e0d952d25dde9,18885550200,voice,RETENTION-Q,2026-08-04 10:37:00 UTC,851,89,ANSWERED,55
CALL-00000409,CUST-00109,AGT-0009,3f6f22969cf8d5cdc2200b2d540c5ca16c27ca83efb61e1039cd3e73ef7416da,18005551234,chat,BILLING-Q,2026-08-04 10:48:00 UTC,864,96,ANSWERED,60
CALL-00000410,CUST-00110,,67600547ad0aaa2c6d1824ff5c306a2aa2ca938d5e55d238d364155207a610de,18005555678,callback,TECH-Q,2026-08-04 10:59:00 UTC,0,0,ABANDONED,0
CALL-00000411,CUST-00111,AGT-0011,b087c1434b33765a2b4d42a02258b81b47354eaafa2fcc6447f520d2c80263aa,18885550100,voice,SALES-Q,2026-08-04 11:10:00 UTC,890,0,TRANSFER,70
CALL-00000412,CUST-00112,,c24bb926badeeccbcbdb12635a658d5007bc3da5c45d7502335449d59e7c46f4,18885550200,voice,SUPPORT-Q,2026-08-04 11:21:00 UTC,0,0,VOICEMAIL,0
CALL-00000413,CUST-00113,AGT-0013,62b5bacd6ae58e9df07b8ddfb27b5d55c0d4abb08bece8646981339358653461,18005551234,voice,RETENTION-Q,2026-08-04 11:32:00 UTC,0,0,CALLBACK_SCHEDULED,0
CALL-00000414,CUST-00114,AGT-0014,6d5f9add3c8d50146fff538a7d1f45d2b1e29e9fc1589f75b68fb46dc81ebcac,18005555678,chat,BILLING-Q,2026-08-04 11:43:00 UTC,929,11,ANSWERED,85
CALL-00000415,CUST-00115,AGT-0015,231e5cebaf6625353ade39c49d3d78e2bd1cedfe85bbf806dd221ab03ae3ab8a,18885550100,callback,TECH-Q,2026-08-04 11:54:00 UTC,942,18,ANSWERED,0
CALL-00000416,CUST-00116,AGT-0016,d443376c73535ef346f3c9f949d9a37a2ce53a94724ac191432eba989033b672,18885550200,voice,SALES-Q,2026-08-04 12:05:00 UTC,955,25,ANSWERED,5
CALL-00000417,CUST-00117,,19d80a0961ddeea3eaefaf8fd3009dd7482b5b893e2ba3ed090c98fa9713c766,18005551234,voice,SUPPORT-Q,2026-08-04 12:16:00 UTC,0,0,ABANDONED,0
CALL-00000418,CUST-00118,AGT-0018,0073993d1583f5d997be815cc5e22c862e03878d1665dc6ccdff043d40794049,18005555678,voice,RETENTION-Q,2026-08-04 12:27:00 UTC,81,0,TRANSFER,15
CALL-00000419,CUST-00119,,25af2b960d7b92774d4fa3ac081c2d254d7fbcd07f036653756bb5c28a2e52ac,18885550100,chat,BILLING-Q,2026-08-04 12:38:00 UTC,0,0,VOICEMAIL,0
CALL-00000420,CUST-00120,AGT-0020,715e9070db8a718d359614cf1433ba57178ed5bddfcb2427b4a2110efa540f71,18885550200,callback,TECH-Q,2026-08-04 12:49:00 UTC,0,0,CALLBACK_SCHEDULED,0
CALL-00000421,CUST-00121,AGT-0021,5599b7283703af712009bd44801a5c61a098e4db8fe1af8ce5b80966c57a2172,18005551234,voice,SALES-Q,2026-08-04 13:00:00 UTC,120,60,ANSWERED,30
CALL-00000422,CUST-00122,AGT-0022,b64aceddb964818de9b7e2ed9b3a74690d72236f348989f1aa54103f607e4269,18005555678,voice,SUPPORT-Q,2026-08-04 13:11:00 UTC,133,67,ANSWERED,35
CALL-00000423,CUST-00123,AGT-0023,8dc8fd565332be93001e5559496793219a5d7595f9d6fc533b3de4b707ccd9e8,18885550100,voice,RETENTION-Q,2026-08-04 13:22:00 UTC,146,74,ANSWERED,40
CALL-00000424,CUST-00124,,261d6133c42506ebbc43e91a5a724b95e088d673674f8451fdeabd023c3792d7,18885550200,chat,BILLING-Q,2026-08-04 13:33:00 UTC,0,0,ABANDONED,0
CALL-00000425,CUST-00125,AGT-0025,e68e0a2fc5afc1521129d7af656abc6db1aa6a2b80be01106b1373f2a018cfdd,18005551234,callback,TECH-Q,2026-08-04 13:44:00 UTC,172,0,TRANSFER,50
CALL-00000426,CUST-00126,,0f078c3e921e3e06b308dd902934b81eb27c159622f930f837576148f10e21bb,18005555678,voice,SALES-Q,2026-08-04 13:55:00 UTC,0,0,VOICEMAIL,0
CALL-00000427,CUST-00127,AGT-0027,16e319f7e5a78f3285139e70baa52753820e4b6d60395c83ea66b265a9fd3e8f,18885550100,voice,SUPPORT-Q,2026-08-04 14:06:00 UTC,0,0,CALLBACK_SCHEDULED,0
CALL-00000428,CUST-00128,AGT-0028,2b95a5c69fa120edb5a22b9f9d975f23f976517b32a364253e7f46da75961b83,18885550200,voice,RETENTION-Q,2026-08-04 14:17:00 UTC,211,109,ANSWERED,65
CALL-00000429,CUST-00129,AGT-0029,5d2cd6385d507429b96bbc74eb43af7612c3cb0dac19b62db1d53c4f92606c8b,18005551234,chat,BILLING-Q,2026-08-04 14:28:00 UTC,224,116,ANSWERED,70
CALL-00000430,CUST-00130,AGT-0030,e657589d6e5a49e2c4694ebbbd3b5220baee38494e2af2bee79fa5e11acfb1f5,18005555678,callback,TECH-Q,2026-08-04 14:39:00 UTC,237,3,ANSWERED,75
CALL-00000431,CUST-00131,,19feb8b45c90653b6110e2db7b6317756c2d7a99548046e71cc319b8a4ddf7f2,18885550100,voice,SALES-Q,2026-08-04 14:50:00 UTC,0,0,ABANDONED,0
CALL-00000432,CUST-00132,AGT-0032,928c04b000f1fe651aeb2e9cb549819cea232f1ed4a1ef6155b1c9eb766dcceb,18885550200,voice,SUPPORT-Q,2026-08-04 15:01:00 UTC,263,0,TRANSFER,85
CALL-00000433,CUST-00133,,48fea51ac8d1b70dfd3e347b3597bd9b4406654bf3a402c3a633741ebc02f828,18005551234,voice,RETENTION-Q,2026-08-04 15:12:00 UTC,0,0,VOICEMAIL,0
CALL-00000434,CUST-00134,AGT-0034,074fae38729a5d8732ead3faf9fe7fbb2a1ed842b50e26204a3f34ce168bd81d,18005555678,chat,BILLING-Q,2026-08-04 15:23:00 UTC,0,0,CALLBACK_SCHEDULED,0
CALL-00000435,CUST-00135,AGT-0035,0838675264be0cb24c4ccf4c229812b292b90b63a6b526e6d67cab49392b2ee7,18885550100,callback,TECH-Q,2026-08-04 15:34:00 UTC,302,38,ANSWERED,10
CALL-00000436,CUST-00136,AGT-0036,ae4fba5915f27770bad453cf697b3698e85c3d776e39b15bf61b8f7ab9afa2e1,18885550200,voice,SALES-Q,2026-08-04 15:45:00 UTC,315,45,ANSWERED,15
CALL-00000437,CUST-00137,AGT-0037,452370151332ae24b0c861127850346126639e0425ad5e862a6659e9ec63a3f8,18005551234,voice,SUPPORT-Q,2026-08-04 15:56:00 UTC,328,52,ANSWERED,20
CALL-00000438,CUST-00138,,f682188b4711ff7111ca9a74f82dfc7ce99e4318bda62ec0da0968b63ede858d,18005555678,voice,RETENTION-Q,2026-08-04 16:07:00 UTC,0,0,ABANDONED,0
CALL-00000439,CUST-00139,AGT-0039,8440b8ea90f49b26a271fd122a80a75cd2b08661e4c3348dffd71cf1038b7c77,18885550100,chat,BILLING-Q,2026-08-04 16:18:00 UTC,354,0,TRANSFER,30
CALL-00000440,CUST-00140,,9b3bbed76b44836f2b0241ce863b58f2d8755e9cc2cb177f825fc0585210f5ef,18885550200,callback,TECH-Q,2026-08-04 16:29:00 UTC,0,0,VOICEMAIL,0
CALL-00000441,CUST-00141,AGT-0001,0cc0f6883a40f84d9b31c119133baacd804f5770be8b75d9961be528f5c32206,18005551234,voice,SALES-Q,2026-08-04 16:40:00 UTC,0,0,CALLBACK_SCHEDULED,0
CALL-00000442,CUST-00142,AGT-0002,5312797e86452e12674a8c198b042c9089958e5877e76575a7f5cdcbbed21c7d,18005555678,voice,SUPPORT-Q,2026-08-04 16:51:00 UTC,393,87,ANSWERED,45
CALL-00000443,CUST-00143,AGT-0003,13d3739013888b96c0d2ab9bbc4c54a2f821818676793575823aa60c7d9ac9b1,18885550100,voice,RETENTION-Q,2026-08-04 17:02:00 UTC,406,94,ANSWERED,50
CALL-00000444,CUST-00144,AGT-0004,8ece7c8210ef5ba63dbb974803dfd5294bf305c33d5eeaab562f2a4aa29ba442,18885550200,chat,BILLING-Q,2026-08-04 17:13:00 UTC,419,101,ANSWERED,55
CALL-00000445,CUST-00145,,d25bb819ff9532532a044e8bed3ceedfb7d59de1fc5ca8bf7b1d04799d3e523c,18005551234,callback,TECH-Q,2026-08-04 17:24:00 UTC,0,0,ABANDONED,0
CALL-00000446,CUST-00146,AGT-0006,a6d0c53ca5eabf72d05787cd998fbac70f303d65c33f285fea3b7903ffe559bd,18005555678,voice,SALES-Q,2026-08-04 17:35:00 UTC,445,0,TRANSFER,65
CALL-00000447,CUST-00147,,3e96c4a8a83918cadfbb4c43e0c9426af1ad7c77c8e613db78810390de685f4b,18885550100,voice,SUPPORT-Q,2026-08-04 17:46:00 UTC,0,0,VOICEMAIL,0
CALL-00000448,CUST-00148,AGT-0008,bc3ed371a57fe58472e8b565ac4885dfa19e5d21e18e6fef7ad73e0e2348f5fc,18885550200,voice,RETENTION-Q,2026-08-04 17:57:00 UTC,0,0,CALLBACK_SCHEDULED,0
CALL-00000449,CUST-00149,AGT-0009,f3c7e3cfd1bad39bf129bd4086ef4c9de5cec4718c79d07febcca0d3b8e3cab9,18005551234,chat,BILLING-Q,2026-08-04 18:08:00 UTC,484,16,ANSWERED,80
CALL-00000450,CUST-00150,AGT-0010,c50f96d658f977fb5b702c57a34baca4b9325a29ddb137f722783a19fa65fc0f,18005555678,callback,TECH-Q,2026-08-04 18:19:00 UTC,497,23,ANSWERED,85
CALL-00000451,CUST-00151,AGT-0011,c750c2c5e3d00014600f00f451724b2ae3dc537b299e314a96e76e80367f54f7,18885550100,voice,SALES-Q,2026-08-04 18:30:00 UTC,510,30,ANSWERED,0
CALL-00000452,CUST-00152,,bab6e5096952d13cd8ba5e777b8b2be9748c870b817ae7e40f02b3464b77efe5,18885550200,voice,SUPPORT-Q,2026-08-04 18:41:00 UTC,0,0,ABANDONED,0
CALL-00000453,CUST-00153,AGT-0013,d7156a588bf5297e037b1009243f86d6a1ea6145fb426a6bf42b4c3371e1d5d2,18005551234,voice,RETENTION-Q,2026-08-04 18:52:00 UTC,536,0,TRANSFER,10
CALL-00000454,CUST-00154,,a9fbf3741d03320126cbfb898a38fa7017302ca12320636a791762ff746b4f90,18005555678,chat,BILLING-Q,2026-08-04 19:03:00 UTC,0,0,VOICEMAIL,0
CALL-00000455,CUST-00155,AGT-0015,c4561e1d2bcdb83b4897bd705487fbfef744d76606f781ddcf179da5da4407f5,18885550100,callback,TECH-Q,2026-08-04 19:14:00 UTC,0,0,CALLBACK_SCHEDULED,0
CALL-00000456,CUST-00156,AGT-0016,6dcfaf9d2d03479f5ff18e8546ae9f17aa2a8f67a7e1eef673d638ab3a3f16c9,18885550200,voice,SALES-Q,2026-08-04 19:25:00 UTC,575,65,ANSWERED,25
CALL-00000457,CUST-00157,AGT-0017,fc1419423913a050a7cdccdb9443e9bde159c90f041748ae6fadd70dff5fb07b,18005551234,voice,SUPPORT-Q,2026-08-04 19:36:00 UTC,588,72,ANSWERED,30
CALL-00000458,CUST-00158,AGT-0018,55972a0aaa603d282560ca10901e9884a79333351d4f78f801aa36f6fa946700,18005555678,voice,RETENTION-Q,2026-08-04 19:47:00 UTC,601,79,ANSWERED,35
CALL-00000459,CUST-00159,,fa74c111a7bf316a6d54fb5b3c6f0c4807e9a50d6945f72f7d48032c6eaa136a,18885550100,chat,BILLING-Q,2026-08-04 19:58:00 UTC,0,0,ABANDONED,0
CALL-00000460,CUST-00160,AGT-0020,9caef8c85644ac5d333ddc34571c9ea50ec52dbd4eab724d70386bebbce4b5bb,18885550200,callback,TECH-Q,2026-08-04 20:09:00 UTC,627,0,TRANSFER,45
CALL-00000461,CUST-00161,,40ed50872c5d5bf1a136ad930044629f12bb9795f966225548e6d8ff4087d128,18005551234,voice,SALES-Q,2026-08-04 20:20:00 UTC,0,0,VOICEMAIL,0
CALL-00000462,CUST-00162,AGT-0022,42c4e17bdaff527310f5afe13ec12f33ad87c4a492eb797da790e4c1157a64a8,18005555678,voice,SUPPORT-Q,2026-08-04 20:31:00 UTC,0,0,CALLBACK_SCHEDULED,0
CALL-00000463,CUST-00163,AGT-0023,c9ab4ad836632bf1ff958bf7c104279ace14a6855e683ab86d8f7c5f4d9aa630,18885550100,voice,RETENTION-Q,2026-08-04 20:42:00 UTC,666,114,ANSWERED,60
CALL-00000464,CUST-00164,AGT-0024,227606c589ab2ceed593c0583d585d025b07b08e0a31add4bed649cb1561a0cf,18885550200,chat,BILLING-Q,2026-08-04 20:53:00 UTC,679,1,ANSWERED,65
CALL-00000465,CUST-00165,AGT-0025,81f0307b4f56d5ab0f9fcd0cfd4a2f644010df4c760560d0ae035b89037c5b7b,18005551234,callback,TECH-Q,2026-08-04 21:04:00 UTC,692,8,ANSWERED,70
CALL-00000466,CUST-00166,,e276538f137b97a3fc27961e878b6090a02a4f9d90ad622ed2c30c948639d226,18005555678,voice,SALES-Q,2026-08-04 21:15:00 UTC,0,0,ABANDONED,0
CALL-00000467,CUST-00167,AGT-0027,205bfd38b3ebf4a0dc36af7f176370becc4e8e199e129b966329676695ec58e5,18885550100,voice,SUPPORT-Q,2026-08-04 21:26:00 UTC,718,0,TRANSFER,80
CALL-00000468,CUST-00168,,d71add3741822c71e6af2388be62b8d9fa98fb1064c419c03446f8eaed8d2e6b,18885550200,voice,RETENTION-Q,2026-08-04 21:37:00 UTC,0,0,VOICEMAIL,0
CALL-00000469,CUST-00169,AGT-0029,545b25f1ad6f7849a1468add9028baf695a4755da3a2fb355d63fbf540992a92,18005551234,chat,BILLING-Q,2026-08-04 21:48:00 UTC,0,0,CALLBACK_SCHEDULED,0
CALL-00000470,CUST-00170,AGT-0030,96f8fe197ec370223c300273dd0f46796d5ab9eb9babaaf0baa5909cf5299c4a,18005555678,callback,TECH-Q,2026-08-04 21:59:00 UTC,757,43,ANSWERED,5
CALL-00000471,CUST-00171,AGT-0031,e73682dab2f28889762220902baf669baa9a0069d57f5d49a49610381af2b208,18885550100,voice,SALES-Q,2026-08-04 22:10:00 UTC,770,50,ANSWERED,10
CALL-00000472,CUST-00172,AGT-0032,fd6b78eb007edeab834d14349b881813f0fe24495215f12eec188181db5a2224,18885550200,voice,SUPPORT-Q,2026-08-04 22:21:00 UTC,783,57,ANSWERED,15
CALL-00000473,CUST-00173,,0205d4fcec0d7580793ebc8350ba2d11313aa5b6364281a395e64d51e0285b59,18005551234,voice,RETENTION-Q,2026-08-04 22:32:00 UTC,0,0,ABANDONED,0
CALL-00000474,CUST-00174,AGT-0034,781b863a41fa6861ca9947a34cfe472962d0bdb4dd0a62dc5ae114f6a2b658b8,18005555678,chat,BILLING-Q,2026-08-04 22:43:00 UTC,809,0,TRANSFER,25
CALL-00000475,CUST-00175,,9da6a923ce64f754004048c2a68159fc0c88b8e93bc828d61aa1ea0de5339186,18885550100,callback,TECH-Q,2026-08-04 22:54:00 UTC,0,0,VOICEMAIL,0
CALL-00000476,CUST-00176,AGT-0036,f811bd9e89fb511f417cbc0c8c03dfeed5ef9c18e52ac786d644de2545411158,18885550200,voice,SALES-Q,2026-08-04 23:05:00 UTC,0,0,CALLBACK_SCHEDULED,0
CALL-00000477,CUST-00177,AGT-0037,27c155a751d9a46d71aeaf1c266913bfaa9ab794ee781f743f296d6febb080c1,18005551234,voice,SUPPORT-Q,2026-08-04 23:16:00 UTC,848,92,ANSWERED,40
CALL-00000478,CUST-00178,AGT-0038,535ac97808eb93772ee9825a86ba644df15272d52b20b46d3397d2e16cd8ee5b,18005555678,voice,RETENTION-Q,2026-08-04 23:27:00 UTC,861,99,ANSWERED,45
CALL-00000479,CUST-00179,AGT-0039,afeb78af111c129427b2ae8b5d548ff8c3f12babb2fa049ba3e5fd9f111b0889,18885550100,chat,BILLING-Q,2026-08-04 23:38:00 UTC,874,106,ANSWERED,50
CALL-00000480,CUST-00180,,6037d6d06731e950d723308e16e66b9ad4aabd2af833a2860f605c557298603d,18885550200,callback,TECH-Q,2026-08-04 23:49:00 UTC,0,0,ABANDONED,0
CALL-00000481,CUST-00181,AGT-0001,85de7f9442eb80d7e685a742308c5d0cf7c297313fd043a189bdd0279ee9d78b,18005551234,voice,SALES-Q,2026-08-05 00:00:00 UTC,900,0,TRANSFER,60
CALL-00000482,CUST-00182,,097b15f548e89e6b1265abc5c401c46eea7f3fd4ea9650b05bbf965efa6f0e5b,18005555678,voice,SUPPORT-Q,2026-08-05 00:11:00 UTC,0,0,VOICEMAIL,0
CALL-00000483,CUST-00183,AGT-0003,5e335bf123ff454fd61577f4e921c2caddce470bc81866d849aaaa145ee86fa0,18885550100,voice,RETENTION-Q,2026-08-05 00:22:00 UTC,0,0,CALLBACK_SCHEDULED,0
CALL-00000484,CUST-00184,AGT-0004,5964d3edb17df4831992aaeeb6b91d7f4613b84f45314df7d8b9b9b6f33866eb,18885550200,chat,BILLING-Q,2026-08-05 00:33:00 UTC,939,21,ANSWERED,75
CALL-00000485,CUST-00185,AGT-0005,5b0bc4687e301e200ba04b23493efbf35305181bcbdf048cd5f3ff962ea90b54,18005551234,callback,TECH-Q,2026-08-05 00:44:00 UTC,952,28,ANSWERED,80
CALL-00000486,CUST-00186,AGT-0006,bb427daecbcc887d819c9c2ced1e81819e44c0fd952f0e9aad72d94421714772,18005555678,voice,SALES-Q,2026-08-05 00:55:00 UTC,65,35,ANSWERED,85
CALL-00000487,CUST-00187,,0b0bea00de4d2295a528811068197e93c697a9252f58278341df8930a1633dc7,18885550100,voice,SUPPORT-Q,2026-08-05 01:06:00 UTC,0,0,ABANDONED,0
CALL-00000488,CUST-00188,AGT-0008,cfb4025bc919b86c821393f73452d1f3044159011f9193fa0d2a17132fba3ebe,18885550200,voice,RETENTION-Q,2026-08-05 01:17:00 UTC,91,0,TRANSFER,5
CALL-00000489,CUST-00189,,f808a43876ed1da7f9e87155240bd9d695b94da7c4a5fe25c134a456118c16e7,18005551234,chat,BILLING-Q,2026-08-05 01:28:00 UTC,0,0,VOICEMAIL,0
CALL-00000490,CUST-00190,AGT-0010,70b4af7cfec172ed4e641b58522eb34bf8ac64f35cc8426bde9f2fa9a8938f6c,18005555678,callback,TECH-Q,2026-08-05 01:39:00 UTC,0,0,CALLBACK_SCHEDULED,0
CALL-00000491,CUST-00191,AGT-0011,7198dffac9982ad3a48f87ca75bbe6632f8b3085ef7ef42c09a84792cb8de47b,18885550100,voice,SALES-Q,2026-08-05 01:50:00 UTC,130,70,ANSWERED,20
CALL-00000492,CUST-00192,AGT-0012,84141a128a96eeabe3d0717c29da7d4343f62986802e01c5a784d63801ad3906,18885550200,voice,SUPPORT-Q,2026-08-05 02:01:00 UTC,143,77,ANSWERED,25
CALL-00000493,CUST-00193,AGT-0013,a64ed6ac9be3557505655ecf16196a2d9c11bb63e02bf17fb1f2d5fa79c8c244,18005551234,voice,RETENTION-Q,2026-08-05 02:12:00 UTC,156,84,ANSWERED,30
CALL-00000494,CUST-00194,,10dfc04d0d036b0b53194745db1fa9e51cb9f18d98784ae0443e597c7d08f869,18005555678,chat,BILLING-Q,2026-08-05 02:23:00 UTC,0,0,ABANDONED,0
CALL-00000495,CUST-00195,AGT-0015,499934738429ca07939f9abcb9bd6a64e09d9d9ee97be102081a0c2fe033d207,18885550100,callback,TECH-Q,2026-08-05 02:34:00 UTC,182,0,TRANSFER,40
CALL-00000496,CUST-00196,,ca13e3449ff30d83444fc784a229c4c30e75954eb4018e7804ba8dfac07132b9,18885550200,voice,SALES-Q,2026-08-05 02:45:00 UTC,0,0,VOICEMAIL,0
CALL-00000497,CUST-00197,AGT-0017,dd059360cdc958017132dfe5b5e2e288accf47d5efabb63e2ce0159101d49354,18005551234,voice,SUPPORT-Q,2026-08-05 02:56:00 UTC,0,0,CALLBACK_SCHEDULED,0
CALL-00000498,CUST-00198,AGT-0018,31bc4222f199143a77ed16fd828835165e5d11257e71fca766208fdf392646ba,18005555678,voice,RETENTION-Q,2026-08-05 03:07:00 UTC,221,119,ANSWERED,55
CALL-00000499,CUST-00199,AGT-0019,334806c306a73f290517e6ef8198282d01da2c027c7af69eaf73b15f8c5a6047,18885550100,chat,BILLING-Q,2026-08-05 03:18:00 UTC,234,6,ANSWERED,60
CALL-00000500,CUST-00200,AGT-0020,4285621712f8ece4b4f2e52ccdfd2935a17a75eab9d05e9813e718e9a5e05f42,18885550200,callback,TECH-Q,2026-08-05 03:29:00 UTC,247,13,ANSWERED,65
CALL-00000501,CUST-00201,,f74b49a12f87783bf893bb55104041e79807175fded972549d2539c0fe744af9,18005551234,voice,SALES-Q,2026-08-05 03:40:00 UTC,0,0,ABANDONED,0
CALL-00000502,CUST-00202,AGT-0022,9c74c07990b07c9735099a5950e2b3974eac06c362a88b6b0baf1bc2d9a82980,18005555678,voice,SUPPORT-Q,2026-08-05 03:51:00 UTC,273,0,TRANSFER,75
CALL-00000503,CUST-00203,,3bc9696ed5a3788f98474af6da496a483b3a23c78f77ce43b29231e6b78467aa,18885550100,voice,RETENTION-Q,2026-08-05 04:02:00 UTC,0,0,VOICEMAIL,0
CALL-00000504,CUST-00204,AGT-0024,b90d3393bb08d4b1e4901cdd1ea0b716b34843654ee16fb009a4b41d14a3288b,18885550200,chat,BILLING-Q,2026-08-05 04:13:00 UTC,0,0,CALLBACK_SCHEDULED,0
CALL-00000505,CUST-00205,AGT-0025,f9e33e00c1906bfb6b34b5962b336781d570b1747ec0d009e3bf844fa7c2a649,18005551234,callback,TECH-Q,2026-08-05 04:24:00 UTC,312,48,ANSWERED,0
CALL-00000506,CUST-00206,AGT-0026,3da93bfafe168c048cab39652486545c2088a728651fb3f8d040b5a1547e18d3,18005555678,voice,SALES-Q,2026-08-05 04:35:00 UTC,325,55,ANSWERED,5
CALL-00000507,CUST-00207,AGT-0027,d5db0f03b5e7c7fcc9ab156c1d91223ffad384e62738cd583c8b3558000c0cb4,18885550100,voice,SUPPORT-Q,2026-08-05 04:46:00 UTC,338,62,ANSWERED,10
CALL-00000508,CUST-00208,,c62ae1abc013f092b1dd88be51c1c2c8773a17d49bfee3185191fa1a7a810181,18885550200,voice,RETENTION-Q,2026-08-05 04:57:00 UTC,0,0,ABANDONED,0
CALL-00000509,CUST-00209,AGT-0029,d3290173f8a8d9b25ab96d9a32e8954d2857085a7dc33a278d4e42d39c10aa01,18005551234,chat,BILLING-Q,2026-08-05 05:08:00 UTC,364,0,TRANSFER,20
CALL-00000510,CUST-00210,,f6c49eb058100b12468486d8a0c8d3bd2ba0a02c6cab7b8f067d58fde3e84bbe,18005555678,callback,TECH-Q,2026-08-05 05:19:00 UTC,0,0,VOICEMAIL,0
CALL-00000511,CUST-00211,AGT-0031,57d4e0c8ab4cde9c3670332caf01476fcbc382ede8148195b5b05fe3678f184e,18885550100,voice,SALES-Q,2026-08-05 05:30:00 UTC,0,0,CALLBACK_SCHEDULED,0
CALL-00000512,CUST-00212,AGT-0032,a32c299e8aad0d7ce8ea326dbd1510ff28db55dcea670534bc4fb1031f5a10b0,18885550200,voice,SUPPORT-Q,2026-08-05 05:41:00 UTC,403,97,ANSWERED,35
CALL-00000513,CUST-00213,AGT-0033,7a07419b69bf4a0ae4f75cceb53443d0a13d80b29fa1cc3c9c3ec9a08f130c7e,18005551234,voice,RETENTION-Q,2026-08-05 05:52:00 UTC,416,104,ANSWERED,40
CALL-00000514,CUST-00214,AGT-0034,daadedfe918d9658627ce4ff8eba01387e1995d7a89507e163e0eee321277320,18005555678,chat,BILLING-Q,2026-08-05 06:03:00 UTC,429,111,ANSWERED,45
CALL-00000515,CUST-00215,,157ef3d4250de68e25f47c638664733fb602d2c3a1348ca9eb838d8bfbfea693,18885550100,callback,TECH-Q,2026-08-05 06:14:00 UTC,0,0,ABANDONED,0
CALL-00000516,CUST-00216,AGT-0036,4426d63ce33b197e76d40e301a3af2c9d320e14185c7d87502061dc7cf756cdd,18885550200,voice,SALES-Q,2026-08-05 06:25:00 UTC,455,0,TRANSFER,55
CALL-00000517,CUST-00217,,27c45e2afeacd8be6cb1c160eca8b6f3ff7a29de0af117f50e9d20f4521d4b92,18005551234,voice,SUPPORT-Q,2026-08-05 06:36:00 UTC,0,0,VOICEMAIL,0
CALL-00000518,CUST-00218,AGT-0038,f089abb1428b3e082fd76161f32c7c6d83152d7e159cec7596d396b6010cd4ae,18005555678,voice,RETENTION-Q,2026-08-05 06:47:00 UTC,0,0,CALLBACK_SCHEDULED,0
CALL-00000519,CUST-00219,AGT-0039,082a12d3d7b0def337f27f38fa83bff75052e36905e12c51964e9dc873052929,18885550100,chat,BILLING-Q,2026-08-05 06:58:00 UTC,494,26,ANSWERED,70
CALL-00000520,CUST-00220,AGT-0040,c874e63dc62002feed818d2bd9584ccc18f338693d8b8c9a623a672920552aac,18885550200,callback,TECH-Q,2026-08-05 07:09:00 UTC,507,33,ANSWERED,75
CALL-00000521,CUST-00221,AGT-0001,09dc3df37e54efea97e0e8a40e6235ad9dcfd20b26745ad518d8691e97cfb2bd,18005551234,voice,SALES-Q,2026-08-05 07:20:00 UTC,520,40,ANSWERED,80
CALL-00000522,CUST-00222,,5e69760d949c639ccec7ce9f8119e23fa250837a95733115e23a6d2feb963f70,18005555678,voice,SUPPORT-Q,2026-08-05 07:31:00 UTC,0,0,ABANDONED,0
CALL-00000523,CUST-00223,AGT-0003,d14ca06df5b5b315ef3a797e15a9d69c20efa7f8d5347ef346014e4a395cdaaa,18885550100,voice,RETENTION-Q,2026-08-05 07:42:00 UTC,546,0,TRANSFER,0
CALL-00000524,CUST-00224,,f9c80440aa7b0e6b0342a4c3c930886f9afa354428f76a24a1246a035bfe8528,18885550200,chat,BILLING-Q,2026-08-05 07:53:00 UTC,0,0,VOICEMAIL,0
CALL-00000525,CUST-00225,AGT-0005,41ab6d966d1bf3362d96c0a2a14530763d4dc1e6e4188a0e25e6f3ec8c213192,18005551234,callback,TECH-Q,2026-08-05 08:04:00 UTC,0,0,CALLBACK_SCHEDULED,0
CALL-00000526,CUST-00226,AGT-0006,cf304840d7e84e3e7b4a9dc938dd4658d30467a8676b73566fb35ea233ab9c64,18005555678,voice,SALES-Q,2026-08-05 08:15:00 UTC,585,75,ANSWERED,15
CALL-00000527,CUST-00227,AGT-0007,7346e21b437a2b42b21fd2422569779577690efd46502be1890c9b5f60508a91,18885550100,voice,SUPPORT-Q,2026-08-05 08:26:00 UTC,598,82,ANSWERED,20
CALL-00000528,CUST-00228,AGT-0008,afc8964494332a50374a5754ea7426abae3eac3d0b2eb1564b3d308a7750615b,18885550200,voice,RETENTION-Q,2026-08-05 08:37:00 UTC,611,89,ANSWERED,25
CALL-00000529,CUST-00229,,0f9f83a53d2d098abed58f89cc633269151a44f029c9310280887de541a21171,18005551234,chat,BILLING-Q,2026-08-05 08:48:00 UTC,0,0,ABANDONED,0
CALL-00000530,CUST-00230,AGT-0010,32cd490cd71f70d72131408ecb3a0f72e22781c4ed3b9b57ab9592a4335ab0b0,18005555678,callback,TECH-Q,2026-08-05 08:59:00 UTC,637,0,TRANSFER,35
CALL-00000531,CUST-00231,,03ee31e43737a4632ef0c718591e00e866a708579910ab9bce2af1a229873b37,18885550100,voice,SALES-Q,2026-08-05 09:10:00 UTC,0,0,VOICEMAIL,0
CALL-00000532,CUST-00232,AGT-0012,4ac9af8af509316b24f6e8c602e0b42f1ecb0b38e9cb9a834d784cf0672fccdc,18885550200,voice,SUPPORT-Q,2026-08-05 09:21:00 UTC,0,0,CALLBACK_SCHEDULED,0
CALL-00000533,CUST-00233,AGT-0013,4087a0e96b339479d12879f717b2480eb1add1943acaba7ffe4207c2c9ac507d,18005551234,voice,RETENTION-Q,2026-08-05 09:32:00 UTC,676,4,ANSWERED,50
CALL-00000534,CUST-00234,AGT-0014,b675121fa611ec516c6a0e476de20cd7c662a2274bf49c45ed980a012ed4bfd2,18005555678,chat,BILLING-Q,2026-08-05 09:43:00 UTC,689,11,ANSWERED,55
CALL-00000535,CUST-00235,AGT-0015,bbfee21be38ef9f86724b935b5f4bc0a2127d3647c9879a7444840683e90f1a0,18885550100,callback,TECH-Q,2026-08-05 09:54:00 UTC,702,18,ANSWERED,60
CALL-00000536,CUST-00236,,db24649951f072037ccb691b24e707da308d1c60eedcbfab3a6aba7ed5399791,18885550200,voice,SALES-Q,2026-08-05 10:05:00 UTC,0,0,ABANDONED,0
CALL-00000537,CUST-00237,AGT-0017,66d454448deb30ffb20e93357e211746726a5cc419ea047392473b95989ee7dd,18005551234,voice,SUPPORT-Q,2026-08-05 10:16:00 UTC,728,0,TRANSFER,70
CALL-00000538,CUST-00238,,3921f80d71ec9dadaf67c566c68249aba62a86345d444e7b9445bacfa93874d1,18005555678,voice,RETENTION-Q,2026-08-05 10:27:00 UTC,0,0,VOICEMAIL,0
CALL-00000539,CUST-00239,AGT-0019,bfe2ae7f8e5b2670d8c63f990a05a75ed34b0ff325d751bed47dedf19045c879,18885550100,chat,BILLING-Q,2026-08-05 10:38:00 UTC,0,0,CALLBACK_SCHEDULED,0
CALL-00000540,CUST-00240,AGT-0020,cf6f2ef2c5209d7281db1813732d5735f17ca5609d93e732c1276a600dd1e5bc,18885550200,callback,TECH-Q,2026-08-05 10:49:00 UTC,767,53,ANSWERED,85
CALL-00000541,CUST-00241,AGT-0021,d16598c3d7ebeeb0a8e35030b81f4c3fa6ca1c3991e11f94ae5fb08aa5fc4049,18005551234,voice,SALES-Q,2026-08-05 11:00:00 UTC,780,60,ANSWERED,0
CALL-00000542,CUST-00242,AGT-0022,53c0d47fe1f72f5f68d6b6aa993724815f188ac015af19fcbd2e0a67103763aa,18005555678,voice,SUPPORT-Q,2026-08-05 11:11:00 UTC,793,67,ANSWERED,5
CALL-00000543,CUST-00243,,e566560e7d85fad5c9b0e229a3f77b97a1f40b5f3806d4ac364c6fa7f98d892c,18885550100,voice,RETENTION-Q,2026-08-05 11:22:00 UTC,0,0,ABANDONED,0
CALL-00000544,CUST-00244,AGT-0024,d3a6abf9e18386ddb1d8b5f0f26ee1d844b45c1d20b34d79cfeec25f02758991,18885550200,chat,BILLING-Q,2026-08-05 11:33:00 UTC,819,0,TRANSFER,15
CALL-00000545,CUST-00245,,cf614704b492ed5a1511874c7a974b98e4e71e86e92d2ae7df40314e4ca68ceb,18005551234,callback,TECH-Q,2026-08-05 11:44:00 UTC,0,0,VOICEMAIL,0
CALL-00000546,CUST-00246,AGT-0026,8264ce2b8056a7899b6709fdaa28b63c9dadfadf280673b4db59b9e14309bce1,18005555678,voice,SALES-Q,2026-08-05 11:55:00 UTC,0,0,CALLBACK_SCHEDULED,0
CALL-00000547,CUST-00247,AGT-0027,6695f7769a1f04bb0a4204a0a8166ae613baf05a477dce8374ae3d657cbd31dd,18885550100,voice,SUPPORT-Q,2026-08-05 12:06:00 UTC,858,102,ANSWERED,30
CALL-00000548,CUST-00248,AGT-0028,64dc6fde4477dc705dd93a1f266c62f8d8e39f070ecb07d299b79b0d99db2ebb,18885550200,voice,RETENTION-Q,2026-08-05 12:17:00 UTC,871,109,ANSWERED,35
CALL-00000549,CUST-00249,AGT-0029,c2922b6f812e662c75fb114aaf207a81ed9e0215ffd30b5f7b14be534ca8b432,18005551234,chat,BILLING-Q,2026-08-05 12:28:00 UTC,884,116,ANSWERED,40
CALL-00000550,CUST-00250,,3a970d31c71d4b82aafe5df13e200600fb64cf4c3b3e41feb54369c76d8f6bd5,18005555678,callback,TECH-Q,2026-08-05 12:39:00 UTC,0,0,ABANDONED,0
CALL-00000551,CUST-00251,AGT-0031,cfc719cc83909e2a19dd6864e218d71f54e982e0a70db5d682def2057bc1fbd6,18885550100,voice,SALES-Q,2026-08-05 12:50:00 UTC,910,0,TRANSFER,50
CALL-00000552,CUST-00252,,9d1f896cecdaa7a853ee2b84ebd61986b118b3a3b1aae0d2154dc8b1b04c5199,18885550200,voice,SUPPORT-Q,2026-08-05 13:01:00 UTC,0,0,VOICEMAIL,0
CALL-00000553,CUST-00253,AGT-0033,28ebb3084e4a3d2103efa079c9e110a6708bd2ddfeaa6155abd7065c06bcefca,18005551234,voice,RETENTION-Q,2026-08-05 13:12:00 UTC,0,0,CALLBACK_SCHEDULED,0
CALL-00000554,CUST-00254,AGT-0034,5405c9be025f91c56c5ae7f24bb9ba7ba3d0511d61df6d5af480c1e4796a610c,18005555678,chat,BILLING-Q,2026-08-05 13:23:00 UTC,949,31,ANSWERED,65
CALL-00000555,CUST-00255,AGT-0035,7d31a5a0e6146f708af72245bd48c692da77b6d29c55e4230768b29e67028335,18885550100,callback,TECH-Q,2026-08-05 13:34:00 UTC,62,38,ANSWERED,70
CALL-00000556,CUST-00256,AGT-0036,9a05acedd1be51078a590b30795af67aeee722ab99c52065d7d1a6e02ade1a12,18885550200,voice,SALES-Q,2026-08-05 13:45:00 UTC,75,45,ANSWERED,75
CALL-00000557,CUST-00257,,e0577f14c69b5c5de3b7f317bde2c972e5a046809df1ed1106fbfe73e94cd894,18005551234,voice,SUPPORT-Q,2026-08-05 13:56:00 UTC,0,0,ABANDONED,0
CALL-00000558,CUST-00258,AGT-0038,01c6593d638a1a6affd06922181c56b41852724507b38832053389affcabe4c1,18005555678,voice,RETENTION-Q,2026-08-05 14:07:00 UTC,101,0,TRANSFER,85
CALL-00000559,CUST-00259,,567ba7459f2ff94ccc031596eb7ca18d3beb70b6f5d1dbfa3b5a8a80bd8d175b,18885550100,chat,BILLING-Q,2026-08-05 14:18:00 UTC,0,0,VOICEMAIL,0
CALL-00000560,CUST-00260,AGT-0040,eaba04e5351aef75f0d5d1f41c179ad705a719d37a120cceba9eeada65d9e422,18885550200,callback,TECH-Q,2026-08-05 14:29:00 UTC,0,0,CALLBACK_SCHEDULED,0
CALL-00000561,CUST-00261,AGT-0001,158796628eab0a05b7967a0fb452a0878ffe40c68d805fdcd43b59b7a17fba95,18005551234,voice,SALES-Q,2026-08-05 14:40:00 UTC,140,80,ANSWERED,10
CALL-00000562,CUST-00262,AGT-0002,6988a18a3f30dfd1df1726e3a465351a7d28af00391634950d0c092eb3af8edc,18005555678,voice,SUPPORT-Q,2026-08-05 14:51:00 UTC,153,87,ANSWERED,15
CALL-00000563,CUST-00263,AGT-0003,c9ca83c83275078563968603ed2130078f00027d35f7eec17ae9339aa607edcb,18885550100,voice,RETENTION-Q,2026-08-05 15:02:00 UTC,166,94,ANSWERED,20
CALL-00000564,CUST-00264,,85bcb1ac8d55acc03d8838a2b0e540af7311b35abcebef48f0086fb72f0a4817,18885550200,chat,BILLING-Q,2026-08-05 15:13:00 UTC,0,0,ABANDONED,0
CALL-00000565,CUST-00265,AGT-0005,34141ee3b775e945e87ec83160ee82c9ad2d4152337145283d462636df376f28,18005551234,callback,TECH-Q,2026-08-05 15:24:00 UTC,192,0,TRANSFER,30
CALL-00000566,CUST-00266,,bdd879fb890263737ffff03df99e28433b26659481fedbc13214901c8bd5cf03,18005555678,voice,SALES-Q,2026-08-05 15:35:00 UTC,0,0,VOICEMAIL,0
CALL-00000567,CUST-00267,AGT-0007,4a2404cb5d3d8d3b1ee694402de0e40979e4204be26c929fdc3f68a9cc5d8ad7,18885550100,voice,SUPPORT-Q,2026-08-05 15:46:00 UTC,0,0,CALLBACK_SCHEDULED,0
CALL-00000568,CUST-00268,AGT-0008,eeb8a0e8255f42bac203d640779c3648c405fce2e0720eb4aa486ad08c1aab0b,18885550200,voice,RETENTION-Q,2026-08-05 15:57:00 UTC,231,9,ANSWERED,45
CALL-00000569,CUST-00269,AGT-0009,326a0fa98685d95404e6a93a55b0f1c17e30a631795768f3f8bb311cfa6c1bc6,18005551234,chat,BILLING-Q,2026-08-05 16:08:00 UTC,244,16,ANSWERED,50
CALL-00000570,CUST-00270,AGT-0010,e49aecdc75b1efe602756e5ee3bceca7d0ea8bcd7420c146c8d561d4c79a8328,18005555678,callback,TECH-Q,2026-08-05 16:19:00 UTC,257,23,ANSWERED,55
CALL-00000571,CUST-00271,,3fcbf4b7a05d576370fa391389924a6c4913d9e4512fed6100a369ff0bccc9da,18885550100,voice,SALES-Q,2026-08-05 16:30:00 UTC,0,0,ABANDONED,0
CALL-00000572,CUST-00272,AGT-0012,1266ffffa29c4573bc500ee8d46d4e1a7a873131cdbd142460b8bc3d090bcdc8,18885550200,voice,SUPPORT-Q,2026-08-05 16:41:00 UTC,283,0,TRANSFER,65
CALL-00000573,CUST-00273,,f2bd4775e3aa70789770b9d38b00ae2f20f02c4382f83d690b9779ad05c7d7c9,18005551234,voice,RETENTION-Q,2026-08-05 16:52:00 UTC,0,0,VOICEMAIL,0
CALL-00000574,CUST-00274,AGT-0014,b1e48e9dcb3d73c0de258d240c3bf72e9e38afb64a799fe26cdaeeee81a1869c,18005555678,chat,BILLING-Q,2026-08-05 17:03:00 UTC,0,0,CALLBACK_SCHEDULED,0
CALL-00000575,CUST-00275,AGT-0015,7fe220c12f6df8a9c04df2a02411336166d3aea113f7cd6c551acf25a2386582,18885550100,callback,TECH-Q,2026-08-05 17:14:00 UTC,322,58,ANSWERED,80
CALL-00000576,CUST-00276,AGT-0016,11c696b322a868c2c80be0467ec28d974d855dba0f81b6bb86c2273532dae656,18885550200,voice,SALES-Q,2026-08-05 17:25:00 UTC,335,65,ANSWERED,85
CALL-00000577,CUST-00277,AGT-0017,93b8b35ae533d92b7f8ed59c6984ede776ca93920beaecd97fea28cd67a05974,18005551234,voice,SUPPORT-Q,2026-08-05 17:36:00 UTC,348,72,ANSWERED,0
CALL-00000578,CUST-00278,,a697688c69b04fd08c0a53eb465df3ef16ee8afbfc443cafb35cee01bcc3a5ae,18005555678,voice,RETENTION-Q,2026-08-05 17:47:00 UTC,0,0,ABANDONED,0
CALL-00000579,CUST-00279,AGT-0019,f7f406823b9ab38d6ff89f634ce213b940e9202c4f4548f9548c7cb7e8cf37d3,18885550100,chat,BILLING-Q,2026-08-05 17:58:00 UTC,374,0,TRANSFER,10
CALL-00000580,CUST-00280,,bdf394196b9ae433790b5dcf65e8164d6ce719d8842263762f4551dde382dd92,18885550200,callback,TECH-Q,2026-08-05 18:09:00 UTC,0,0,VOICEMAIL,0
CALL-00000581,CUST-00281,AGT-0021,027ca8109ad2548b8ba14d416e268ccb36549cc96f7ad92ac0b3b4183cfd5b0c,18005551234,voice,SALES-Q,2026-08-05 18:20:00 UTC,0,0,CALLBACK_SCHEDULED,0
CALL-00000582,CUST-00282,AGT-0022,70945b361289436405c7a24df0edd4ffd76cc0c9ae0ce16836593dbd9e5c51e9,18005555678,voice,SUPPORT-Q,2026-08-05 18:31:00 UTC,413,107,ANSWERED,25
CALL-00000583,CUST-00283,AGT-0023,9f0b7bf9ad633825ca19738c0e6247984341585fc3b974ac06fbf74db134158e,18885550100,voice,RETENTION-Q,2026-08-05 18:42:00 UTC,426,114,ANSWERED,30
CALL-00000584,CUST-00284,AGT-0024,31cccd6a2d095d3f5e8124f070c9f39b11596c9193aac8d860662ad0625213ea,18885550200,chat,BILLING-Q,2026-08-05 18:53:00 UTC,439,1,ANSWERED,35
CALL-00000585,CUST-00285,,bfff7892c0d717be03dacfcb0cb9565a7609f39ed09e5360789a543cd15f5681,18005551234,callback,TECH-Q,2026-08-05 19:04:00 UTC,0,0,ABANDONED,0
CALL-00000586,CUST-00286,AGT-0026,8ebb1b430b089711f1960384959b193b80d1134d189258603393313364ee4242,18005555678,voice,SALES-Q,2026-08-05 19:15:00 UTC,465,0,TRANSFER,45
CALL-00000587,CUST-00287,,93614588c2ee98a6e3ff62fbf0cfb2da8a44318a47c6f1605358277322560e64,18885550100,voice,SUPPORT-Q,2026-08-05 19:26:00 UTC,0,0,VOICEMAIL,0
CALL-00000588,CUST-00288,AGT-0028,91e653afbbbabe5f5d19b7a73c9123a570bab89a84fd13807bf9d672ccdb1867,18885550200,voice,RETENTION-Q,2026-08-05 19:37:00 UTC,0,0,CALLBACK_SCHEDULED,0
CALL-00000589,CUST-00289,AGT-0029,550755515e3a2220c86fd476327d2800034318e85006c8824ee41c923e39aa69,18005551234,chat,BILLING-Q,2026-08-05 19:48:00 UTC,504,36,ANSWERED,60
CALL-00000590,CUST-00290,AGT-0030,99c2983709630d0bfbaf98793b1a1deb388fb5978f1695efad05e540a33ed106,18005555678,callback,TECH-Q,2026-08-05 19:59:00 UTC,517,43,ANSWERED,65
CALL-00000591,CUST-00291,AGT-0031,0596ef3945fc9074c30e94dd9ab670e1e77ddd58c56ddfc088176d2db042ba9e,18885550100,voice,SALES-Q,2026-08-05 20:10:00 UTC,530,50,ANSWERED,70
CALL-00000592,CUST-00292,,6272582f6ea8437290691e5b79596e3f376dd593d241109a6403240ac8e53fd5,18885550200,voice,SUPPORT-Q,2026-08-05 20:21:00 UTC,0,0,ABANDONED,0
CALL-00000593,CUST-00293,AGT-0033,982c6df61c376b94a4500de07610b4f4ede4549d4d86c6c0ae137a05288cf40f,18005551234,voice,RETENTION-Q,2026-08-05 20:32:00 UTC,556,0,TRANSFER,80
CALL-00000594,CUST-00294,,9ecbea7b1403af4a98a8379a3b9f3a74ce73161dbe7a1282539ecad25d5ba129,18005555678,chat,BILLING-Q,2026-08-05 20:43:00 UTC,0,0,VOICEMAIL,0
CALL-00000595,CUST-00295,AGT-0035,1478866a4fabeb3af325c359ac9d27d34e220ff3f60697c82e0a0dd3a378b3e3,18885550100,callback,TECH-Q,2026-08-05 20:54:00 UTC,0,0,CALLBACK_SCHEDULED,0
CALL-00000596,CUST-00296,AGT-0036,7e22670f53dfd6a1bb9157c369b458c04c1171ae09fec0065b02f6a05f7fd442,18885550200,voice,SALES-Q,2026-08-05 21:05:00 UTC,595,85,ANSWERED,5
CALL-00000597,CUST-00297,AGT-0037,1ebe574420b3fe4702f133d4548bbdd99fd8fb67d537ac7871277ccfb8d40293,18005551234,voice,SUPPORT-Q,2026-08-05 21:16:00 UTC,608,92,ANSWERED,10
CALL-00000598,CUST-00298,AGT-0038,20a3c78d3c05f2a0b3cdae6404cf29fb2033c8dd35798b23ebf26941c81572b3,18005555678,voice,RETENTION-Q,2026-08-05 21:27:00 UTC,621,99,ANSWERED,15
CALL-00000599,CUST-00299,,d4bb9d61e5da7e0dd818e3294fef52744992cfb53bbf9f668eaf0315b99efe56,18885550100,chat,BILLING-Q,2026-08-05 21:38:00 UTC,0,0,ABANDONED,0
CALL-00000600,CUST-00300,AGT-0040,609b3b3fe4ff1066e54b97c8e0bb2f6d40ee5c7945e3c487493a71a972947f8d,18885550200,callback,TECH-Q,2026-08-05 21:49:00 UTC,647,0,TRANSFER,25
CALL-00000601,CUST-00001,,7bd65d88ee3583997c0869dae4307b6e269b170c5db3f86f45a5128015876f11,18005551234,voice,SALES-Q,2026-08-05 22:00:00 UTC,0,0,VOICEMAIL,0
CALL-00000602,CUST-00002,AGT-0002,a2c1a3434421ff8873c8454c6a5a66b95e3a3cfe6e962204f5ad854f76fc19f8,18005555678,voice,SUPPORT-Q,2026-08-05 22:11:00 UTC,0,0,CALLBACK_SCHEDULED,0
CALL-00000603,CUST-00003,AGT-0003,eb0821d733de16f935af775744de9d4fb545df642783e4fb9d3af5b9b252aec1,18885550100,voice,RETENTION-Q,2026-08-05 22:22:00 UTC,686,14,ANSWERED,40
CALL-00000604,CUST-00004,AGT-0004,0dc425190073bab0b27d069a78312656107f7893c1d21d27055a659d0110443d,18885550200,chat,BILLING-Q,2026-08-05 22:33:00 UTC,699,21,ANSWERED,45
CALL-00000605,CUST-00005,AGT-0005,8ae5b58dd9696aed28fc931bd40dd94f87cfe4c55351d789224c26675a7ef5c0,18005551234,callback,TECH-Q,2026-08-05 22:44:00 UTC,712,28,ANSWERED,50
CALL-00000606,CUST-00006,,b3b715a2ccca68f5a6d36a8e955d2d445ab087482dda7c7d183fd2792d9d98c2,18005555678,voice,SALES-Q,2026-08-05 22:55:00 UTC,0,0,ABANDONED,0
CALL-00000607,CUST-00007,AGT-0007,12b318637ad23518e406d5069565b982e6b099531828934f3b4f3addf3293830,18885550100,voice,SUPPORT-Q,2026-08-05 23:06:00 UTC,738,0,TRANSFER,60
CALL-00000608,CUST-00008,,5653a91ea37140ffc725af035ea3d10bbd32e27f0ddf587e946fbb1ab0af355d,18885550200,voice,RETENTION-Q,2026-08-05 23:17:00 UTC,0,0,VOICEMAIL,0
CALL-00000609,CUST-00009,AGT-0009,a01c978ba52414416a70c334ad6e0f42554e69ff5e3a54776a596287737ded91,18005551234,chat,BILLING-Q,2026-08-05 23:28:00 UTC,0,0,CALLBACK_SCHEDULED,0
CALL-00000610,CUST-00010,AGT-0010,29cc714c46b80066fb254afba9dce72a01c88514a3f9afbe47a79763c0937610,18005555678,callback,TECH-Q,2026-08-05 23:39:00 UTC,777,63,ANSWERED,75
CALL-00000611,CUST-00011,AGT-0011,60384a635a253b85f0ffca5e760e210b3193bc5b3ecaf50d5468b407a2898eeb,18885550100,voice,SALES-Q,2026-08-05 23:50:00 UTC,790,70,ANSWERED,80
CALL-00000612,CUST-00012,AGT-0012,c97fdda6e872823aaac65c841ef7b0cfc0891bd1456ab27d0a7a4574d4ca6884,18885550200,voice,SUPPORT-Q,2026-08-06 00:01:00 UTC,803,77,ANSWERED,85
CALL-00000613,CUST-00013,,e9cb64ab446d1db91e10aaf56b52cf0707e1088e86b96a4b483bf4d4b8a5bda5,18005551234,voice,RETENTION-Q,2026-08-06 00:12:00 UTC,0,0,ABANDONED,0
CALL-00000614,CUST-00014,AGT-0014,6020664e658c9c2f302d79b65fbde4d7b45def9cc048e524a1db6650b35c9241,18005555678,chat,BILLING-Q,2026-08-06 00:23:00 UTC,829,0,TRANSFER,5
CALL-00000615,CUST-00015,,0e68cd7fbb16fd8dd899e6d0505fd6c9262f5096f0ce9dfad17a2844a5c671db,18885550100,callback,TECH-Q,2026-08-06 00:34:00 UTC,0,0,VOICEMAIL,0
CALL-00000616,CUST-00016,AGT-0016,f2ccd916c23f783559291e7138e64a005768e45e3ec9da8fc66415b9eb4ef396,18885550200,voice,SALES-Q,2026-08-06 00:45:00 UTC,0,0,CALLBACK_SCHEDULED,0
CALL-00000617,CUST-00017,AGT-0017,b0f577c9a8b1111b1a7cac41478310ae3499c8336bd33425ddcfbfba8b1438ef,18005551234,voice,SUPPORT-Q,2026-08-06 00:56:00 UTC,868,112,ANSWERED,20
CALL-00000618,CUST-00018,AGT-0018,145d8a02549304824f6977a734bcb1b3e03b05a4691bfdde3d76bc24f38e92c7,18005555678,voice,RETENTION-Q,2026-08-06 01:07:00 UTC,881,119,ANSWERED,25
CALL-00000619,CUST-00019,AGT-0019,804cae4cb1b4637f534aacd7bfbc8763be3e84d670b9d6d8721865848e4f2dcf,18885550100,chat,BILLING-Q,2026-08-06 01:18:00 UTC,894,6,ANSWERED,30
CALL-00000620,CUST-00020,,9d2d3374c9d8ea5b4210a4db1b9c707dcb85daa621d260d7527aba59ca7cfefd,18885550200,callback,TECH-Q,2026-08-06 01:29:00 UTC,0,0,ABANDONED,0
CALL-00000621,CUST-00021,AGT-0021,3df2b629da93c0dbcd7c7ebfd6baa9a56bae87467a2dc7e86ef9e59d1afe9348,18005551234,voice,SALES-Q,2026-08-06 01:40:00 UTC,920,0,TRANSFER,40
CALL-00000622,CUST-00022,,034bad06aed0a2a45eb7a4b1bd4bb7c4cdc80f0194fc2653e71a0fdc3c0de06d,18005555678,voice,SUPPORT-Q,2026-08-06 01:51:00 UTC,0,0,VOICEMAIL,0
CALL-00000623,CUST-00023,AGT-0023,cd8322bc55d39d686bda46dfd3fb09836eff83f53d606f82d636fa1b87160810,18885550100,voice,RETENTION-Q,2026-08-06 02:02:00 UTC,0,0,CALLBACK_SCHEDULED,0
CALL-00000624,CUST-00024,AGT-0024,42c769edf5b502ec097d138ff738b877477dde15d788dec4d7086c6294cc2fef,18885550200,chat,BILLING-Q,2026-08-06 02:13:00 UTC,959,41,ANSWERED,55
CALL-00000625,CUST-00025,AGT-0025,ce057293ff7a0c813010d6fd45c4db792c1071702f98ca26aa65c8fbb177007e,18005551234,callback,TECH-Q,2026-08-06 02:24:00 UTC,72,48,ANSWERED,60
CALL-00000626,CUST-00026,AGT-0026,522f402c818e4047ff54f32c9de7293e1b5a9668bf8a857b5e363c1256517ad6,18005555678,voice,SALES-Q,2026-08-06 02:35:00 UTC,85,55,ANSWERED,65
CALL-00000627,CUST-00027,,381bda9774550f0ed0a17d7c8ff984b3eb6df6572b782c02cfe1c94b32ff5068,18885550100,voice,SUPPORT-Q,2026-08-06 02:46:00 UTC,0,0,ABANDONED,0
CALL-00000628,CUST-00028,AGT-0028,394cad9705015a0d32e18eb6fe39d9a51d3d20b4a10ca422a450330400ba4404,18885550200,voice,RETENTION-Q,2026-08-06 02:57:00 UTC,111,0,TRANSFER,75
CALL-00000629,CUST-00029,,2eb879a7b1370723ffdb3f10d286e3982749807aee2704720b1a8063b58349ce,18005551234,chat,BILLING-Q,2026-08-06 03:08:00 UTC,0,0,VOICEMAIL,0
CALL-00000630,CUST-00030,AGT-0030,344daecc23e143d7e98573807a918945a62b277e253960539231122a7912e7c7,18005555678,callback,TECH-Q,2026-08-06 03:19:00 UTC,0,0,CALLBACK_SCHEDULED,0
CALL-00000631,CUST-00031,AGT-0031,973d0f52ed67d99502a88871d834d6c8060f7b3c7e32c7061ce3ca482cff7ee6,18885550100,voice,SALES-Q,2026-08-06 03:30:00 UTC,150,90,ANSWERED,0
CALL-00000632,CUST-00032,AGT-0032,ab4bad2136304485b16e92747fb14b9f8fe5d417ac6fe8d04b50b24270758b25,18885550200,voice,SUPPORT-Q,2026-08-06 03:41:00 UTC,163,97,ANSWERED,5
CALL-00000633,CUST-00033,AGT-0033,cd9a176241370742c253cd357079d6538eb970af739381343ee1829910f3cc5e,18005551234,voice,RETENTION-Q,2026-08-06 03:52:00 UTC,176,104,ANSWERED,10
CALL-00000634,CUST-00034,,c755acc302559aadab96479288dd715d9578d11b7202c53c5bb022e40b7db606,18005555678,chat,BILLING-Q,2026-08-06 04:03:00 UTC,0,0,ABANDONED,0
CALL-00000635,CUST-00035,AGT-0035,e101f116cf6f14606f0f06c6a06eb14b2cdfaa5fc40fba56856e9463d645e2cb,18885550100,callback,TECH-Q,2026-08-06 04:14:00 UTC,202,0,TRANSFER,20
CALL-00000636,CUST-00036,,a92f6773d29341b57f74482ee0def16bcbd2dcc65f85f1a20adc17c609135053,18885550200,voice,SALES-Q,2026-08-06 04:25:00 UTC,0,0,VOICEMAIL,0
CALL-00000637,CUST-00037,AGT-0037,e33dd704dfbd33ec32457e18905b8e1d00d4d8e75d5106d0717ea8c8d9442ce0,18005551234,voice,SUPPORT-Q,2026-08-06 04:36:00 UTC,0,0,CALLBACK_SCHEDULED,0
CALL-00000638,CUST-00038,AGT-0038,9b66675e4005029d087ad6864d2639386a0674d7ea9399bbdc6b78d652cadbb3,18005555678,voice,RETENTION-Q,2026-08-06 04:47:00 UTC,241,19,ANSWERED,35
CALL-00000639,CUST-00039,AGT-0039,7768d3fecfe7e0c138b2b2f2f3bb93e4d4747822fa9b2e98c55dff1327f96a1a,18885550100,chat,BILLING-Q,2026-08-06 04:58:00 UTC,254,26,ANSWERED,40
CALL-00000640,CUST-00040,AGT-0040,b12f511db62ecb24b34b899c492668e829d2b170e310f1b4be4a6b383b6cc563,18885550200,callback,TECH-Q,2026-08-06 05:09:00 UTC,267,33,ANSWERED,45
CALL-00000641,CUST-00041,,81b4d3433f9488294f6eba090061c1ec74b8746819c75bdc2c47424677480433,18005551234,voice,SALES-Q,2026-08-06 05:20:00 UTC,0,0,ABANDONED,0
CALL-00000642,CUST-00042,AGT-0002,0db28ecd41a98ee0827ae79e9f09a04ab858c3f6473d282c75fe0dd332341863,18005555678,voice,SUPPORT-Q,2026-08-06 05:31:00 UTC,293,0,TRANSFER,55
CALL-00000643,CUST-00043,,37f84d5d581da09cc59db3cf26b2b5b75214c46cb63f51bc63d071f4cdd469e8,18885550100,voice,RETENTION-Q,2026-08-06 05:42:00 UTC,0,0,VOICEMAIL,0
CALL-00000644,CUST-00044,AGT-0004,d77673ff2d6c49081f639d2480de42f13cee799c0114f417e01d47aab624a398,18885550200,chat,BILLING-Q,2026-08-06 05:53:00 UTC,0,0,CALLBACK_SCHEDULED,0
CALL-00000645,CUST-00045,AGT-0005,11ec6db6f1c3c3f2e74c1069839ae0ab4c3ef74435429e59073238b765880cae,18005551234,callback,TECH-Q,2026-08-06 06:04:00 UTC,332,68,ANSWERED,70
CALL-00000646,CUST-00046,AGT-0006,b8b6d9b0fb93b7a048b7433ab9a0adeccedc0502d05ea42c3b92c54afe83bc1e,18005555678,voice,SALES-Q,2026-08-06 06:15:00 UTC,345,75,ANSWERED,75
CALL-00000647,CUST-00047,AGT-0007,c5b99a5055e4e468136f85172163818abf5b204f2bed12f38d3841b943fcb97a,18885550100,voice,SUPPORT-Q,2026-08-06 06:26:00 UTC,358,82,ANSWERED,80
CALL-00000648,CUST-00048,,c733297e72e46ab29566bbac8a17bfe556c6a12e05df5686d2814397132f4b2c,18885550200,voice,RETENTION-Q,2026-08-06 06:37:00 UTC,0,0,ABANDONED,0
CALL-00000649,CUST-00049,AGT-0009,58f39315f70472d415b3b1b6fccdc77523743f050881849d0ca882dbfc821071,18005551234,chat,BILLING-Q,2026-08-06 06:48:00 UTC,384,0,TRANSFER,0
CALL-00000650,CUST-00050,,72dfd0e289e61fd9d7954cb70643dd36565434d93ffc3233cebac45f7f52965c,18005555678,callback,TECH-Q,2026-08-06 06:59:00 UTC,0,0,VOICEMAIL,0
CALL-00000651,CUST-00051,AGT-0011,f320669d4376cb810c4bd41dbf94783e09873c08e37223262db6198f90bff248,18885550100,voice,SALES-Q,2026-08-06 07:10:00 UTC,0,0,CALLBACK_SCHEDULED,0
CALL-00000652,CUST-00052,AGT-0012,8c5d6cc45f6036e7104451f0a92a17105de737242d6b33b734e9b3ef4ad6a039,18885550200,voice,SUPPORT-Q,2026-08-06 07:21:00 UTC,423,117,ANSWERED,15
CALL-00000653,CUST-00053,AGT-0013,3dfeb9c00689589ef3f1e56cb9dfdb835e2639a7de8b3ff724266ff79fc9dbe4,18005551234,voice,RETENTION-Q,2026-08-06 07:32:00 UTC,436,4,ANSWERED,20
CALL-00000654,CUST-00054,AGT-0014,1c94ce432e2ff7dbbfa23fa5f398b78ea9dc9e080ecd8c6db4ba316e54ca1585,18005555678,chat,BILLING-Q,2026-08-06 07:43:00 UTC,449,11,ANSWERED,25
CALL-00000655,CUST-00055,,b3aff6276644320948fadc281f1b74eda895d480af440674c555ae0eb6c9054e,18885550100,callback,TECH-Q,2026-08-06 07:54:00 UTC,0,0,ABANDONED,0
CALL-00000656,CUST-00056,AGT-0016,4fa058abe9c5a70c2fea701247674b66fa683c2b0c6e409d0e1145972d1c30d8,18885550200,voice,SALES-Q,2026-08-06 08:05:00 UTC,475,0,TRANSFER,35
CALL-00000657,CUST-00057,,1f96a2ca897fff72eabd21c9f86f3eec2b8ef52c669cac963a78aaf3eed1d681,18005551234,voice,SUPPORT-Q,2026-08-06 08:16:00 UTC,0,0,VOICEMAIL,0
CALL-00000658,CUST-00058,AGT-0018,648177da6e5b538ddfc497882335d8dab3d2e4e4c8ae9c63ffc99d68fa226b9b,18005555678,voice,RETENTION-Q,2026-08-06 08:27:00 UTC,0,0,CALLBACK_SCHEDULED,0
CALL-00000659,CUST-00059,AGT-0019,214fb1636c6047ad20d10d87d5c19402b97165d67cd2d1aba2e970b88d9c2b7f,18885550100,chat,BILLING-Q,2026-08-06 08:38:00 UTC,514,46,ANSWERED,50
CALL-00000660,CUST-00060,AGT-0020,03cd532c99ebab3af2a21e3f6aa6ac2fb49a8f67da9aefcb667da310392268db,18885550200,callback,TECH-Q,2026-08-06 08:49:00 UTC,527,53,ANSWERED,55
CALL-00000661,CUST-00061,AGT-0021,5cf2722ffd21fe0b7479980c46abed12b0e11eb15ab2ac6b5a307aff78e01514,18005551234,voice,SALES-Q,2026-08-06 09:00:00 UTC,540,60,ANSWERED,60
CALL-00000662,CUST-00062,,99fc0cc6a0f9a00532c1f0a806be53976ab0b5cc84f046c44c17f579cd2e2d04,18005555678,voice,SUPPORT-Q,2026-08-06 09:11:00 UTC,0,0,ABANDONED,0
CALL-00000663,CUST-00063,AGT-0023,3f4248fd407f6bd7ebe1babe57ecf977b8cf1aea49ac8912f6e4c1b760871a87,18885550100,voice,RETENTION-Q,2026-08-06 09:22:00 UTC,566,0,TRANSFER,70
CALL-00000664,CUST-00064,,1f6f5c0dd0662437a1ef81d6212dd34f04ca0c643c01f0f9d706baeace60b5a2,18885550200,chat,BILLING-Q,2026-08-06 09:33:00 UTC,0,0,VOICEMAIL,0
CALL-00000665,CUST-00065,AGT-0025,55c15d2bf40d6bea165b5c5654716b7c1d37f6189fc783b53c56722026420ff4,18005551234,callback,TECH-Q,2026-08-06 09:44:00 UTC,0,0,CALLBACK_SCHEDULED,0
CALL-00000666,CUST-00066,AGT-0026,a7a7b72b9e82f5de6ca302e73f9f3cc0c1dee04402d61b0aed26fd6f3d79fabe,18005555678,voice,SALES-Q,2026-08-06 09:55:00 UTC,605,95,ANSWERED,85
CALL-00000667,CUST-00067,AGT-0027,af257a8cce04c3776ea8cc006685484d967c428c1d35bae419b636699585a46a,18885550100,voice,SUPPORT-Q,2026-08-06 10:06:00 UTC,618,102,ANSWERED,0
CALL-00000668,CUST-00068,AGT-0028,bf6ae7db8e7635d9cb29ba6c248fd881189122aaba06dd0c087c2338aa677456,18885550200,voice,RETENTION-Q,2026-08-06 10:17:00 UTC,631,109,ANSWERED,5
CALL-00000669,CUST-00069,,6dd9fb074690803394c052a947a8247d06b8ed7999fa883e76cdaf5a4af88230,18005551234,chat,BILLING-Q,2026-08-06 10:28:00 UTC,0,0,ABANDONED,0
CALL-00000670,CUST-00070,AGT-0030,79acfa1d9e741a8dd654bd45e34457a22cf9dda4c23ded039fb3745c503ba9f2,18005555678,callback,TECH-Q,2026-08-06 10:39:00 UTC,657,0,TRANSFER,15
CALL-00000671,CUST-00071,,79108431ced8d868441a5a57c4bc18cd5d52d01aadb84265aa9d6704b69ccf10,18885550100,voice,SALES-Q,2026-08-06 10:50:00 UTC,0,0,VOICEMAIL,0
CALL-00000672,CUST-00072,AGT-0032,599ab99d9512fef78fdcfafe3304f51f8ea8ee38b7152b37d91aac9f6d4dc514,18885550200,voice,SUPPORT-Q,2026-08-06 11:01:00 UTC,0,0,CALLBACK_SCHEDULED,0
CALL-00000673,CUST-00073,AGT-0033,c36fbab55dc0e7a299adba84fbaa1528ab6f0d3d37973fd8a8f600a60e00044e,18005551234,voice,RETENTION-Q,2026-08-06 11:12:00 UTC,696,24,ANSWERED,30
CALL-00000674,CUST-00074,AGT-0034,47d3dd537110f61c1f652fb87a9386d6e9dd1e4ec30eaccd2c61231be213d5d8,18005555678,chat,BILLING-Q,2026-08-06 11:23:00 UTC,709,31,ANSWERED,35
CALL-00000675,CUST-00075,AGT-0035,b99bf7c608f4bd946023e30e8f6ce4e471bfb5ed3a59947374bc25b0c07dea9a,18885550100,callback,TECH-Q,2026-08-06 11:34:00 UTC,722,38,ANSWERED,40
CALL-00000676,CUST-00076,,649443ea495f12ebb87d08e297b4c7342910bc327d66430eb7bd1848b40b375b,18885550200,voice,SALES-Q,2026-08-06 11:45:00 UTC,0,0,ABANDONED,0
CALL-00000677,CUST-00077,AGT-0037,71e7615202411a1f24681335cdc2bc1696d2863542a04c6113be1b98266aadf9,18005551234,voice,SUPPORT-Q,2026-08-06 11:56:00 UTC,748,0,TRANSFER,50
CALL-00000678,CUST-00078,,cfa8c47dc2e6aa89295363971aa7348899e4e6865131b44c18b01d0b421c925f,18005555678,voice,RETENTION-Q,2026-08-06 12:07:00 UTC,0,0,VOICEMAIL,0
CALL-00000679,CUST-00079,AGT-0039,84718fa23a3cdad5fd80d3ba1f45e6e358c3b3ec6ae1d38a4c7cf3d19fb90e30,18885550100,chat,BILLING-Q,2026-08-06 12:18:00 UTC,0,0,CALLBACK_SCHEDULED,0
CALL-00000680,CUST-00080,AGT-0040,9e277e1ca9abad70719b4ca209b83620e5ffa45d569d0a02391d02b6eb913df9,18885550200,callback,TECH-Q,2026-08-06 12:29:00 UTC,787,73,ANSWERED,65
CALL-00000681,CUST-00081,AGT-0001,84f0746c3be10842eaa64ce1a5d794ea72f4d7834bfe8aa7227eacce77746de7,18005551234,voice,SALES-Q,2026-08-06 12:40:00 UTC,800,80,ANSWERED,70
CALL-00000682,CUST-00082,AGT-0002,1bdf3fdb1eced2573c8ae3af1b21f0568358630b687680e5b4bfe06e1fdbad23,18005555678,voice,SUPPORT-Q,2026-08-06 12:51:00 UTC,813,87,ANSWERED,75
CALL-00000683,CUST-00083,,d5f0bb6195d68df6737b67ad5eda1ef3f0fe0b478f0809727f0dbfd8516d31e4,18885550100,voice,RETENTION-Q,2026-08-06 13:02:00 UTC,0,0,ABANDONED,0
CALL-00000684,CUST-00084,AGT-0004,e1ad86d3c4f9641cb73b7baa3dbf60bc2ccbae8cf7d35f3caa60504c675a97c9,18885550200,chat,BILLING-Q,2026-08-06 13:13:00 UTC,839,0,TRANSFER,85
CALL-00000685,CUST-00085,,5f1de23e68d14f08d8315c99bc0d0131195d621ce30056d50678786775e110fe,18005551234,callback,TECH-Q,2026-08-06 13:24:00 UTC,0,0,VOICEMAIL,0
CALL-00000686,CUST-00086,AGT-0006,abddb601507c07c16439bd5ed0f3fa8f374a3b214ef145676aa4e86384bbdb63,18005555678,voice,SALES-Q,2026-08-06 13:35:00 UTC,0,0,CALLBACK_SCHEDULED,0
CALL-00000687,CUST-00087,AGT-0007,48ba4cd33e24500dd3415fcd8536a3769c20669b05cdffbbebd0e2ce5c031eb3,18885550100,voice,SUPPORT-Q,2026-08-06 13:46:00 UTC,878,2,ANSWERED,10
CALL-00000688,CUST-00088,AGT-0008,9c795c73e5f3a8dd920363e78935dffad72e3ce029dd3666cd2c4c8a519a9b9f,18885550200,voice,RETENTION-Q,2026-08-06 13:57:00 UTC,891,9,ANSWERED,15
CALL-00000689,CUST-00089,AGT-0009,7bd5c748500f32d79ff56cf71c95dceed64de8b963ce795c5b6a5433fa810452,18005551234,chat,BILLING-Q,2026-08-06 14:08:00 UTC,904,16,ANSWERED,20
CALL-00000690,CUST-00090,,42bbd06ac65f6e29985f22ae1ae17c00eb1883ddf7893e1cc453ea6b2a2f89fe,18005555678,callback,TECH-Q,2026-08-06 14:19:00 UTC,0,0,ABANDONED,0
CALL-00000691,CUST-00091,AGT-0011,f5bae95ff34d4ddbb5dd279240f66adbe73912418ba5327214ad955b8e2571f3,18885550100,voice,SALES-Q,2026-08-06 14:30:00 UTC,930,0,TRANSFER,30
CALL-00000692,CUST-00092,,63b7248020eb9aee5fb5c7b3c96d20ef4991aa7b3f9f1f548b3a7778f95206d9,18885550200,voice,SUPPORT-Q,2026-08-06 14:41:00 UTC,0,0,VOICEMAIL,0
CALL-00000693,CUST-00093,AGT-0013,8d703dd65f30a2c4902aacb53f3c8e147fb09255402b307e2d01330d586c657e,18005551234,voice,RETENTION-Q,2026-08-06 14:52:00 UTC,0,0,CALLBACK_SCHEDULED,0
CALL-00000694,CUST-00094,AGT-0014,396385b91205f78e52c0c24130953385298df38e20d70e8c56e99d640f789bb5,18005555678,chat,BILLING-Q,2026-08-06 15:03:00 UTC,69,51,ANSWERED,45
CALL-00000695,CUST-00095,AGT-0015,00711d48e7f12a274bbdf03c0031db38dc99d44b6724d622b397fcb9da0089f3,18885550100,callback,TECH-Q,2026-08-06 15:14:00 UTC,82,58,ANSWERED,50
CALL-00000696,CUST-00096,AGT-0016,270eacfab55aa8fe34dd419b8f9add7688c522bf19d95b69127bb2270ecf9acc,18885550200,voice,SALES-Q,2026-08-06 15:25:00 UTC,95,65,ANSWERED,55
CALL-00000697,CUST-00097,,dd63876bc07e961e35bbc3aef24b70ba0030136641fe470e42cf0538821c106f,18005551234,voice,SUPPORT-Q,2026-08-06 15:36:00 UTC,0,0,ABANDONED,0
CALL-00000698,CUST-00098,AGT-0018,b5ead194b86eb218856703603f200de0e1b05b32704032d08a193e1fab0d9448,18005555678,voice,RETENTION-Q,2026-08-06 15:47:00 UTC,121,0,TRANSFER,65
CALL-00000699,CUST-00099,,9dce43ce7d407be563945da80174b5e661aebb6e60c8ab426e323687ae4a6d28,18885550100,chat,BILLING-Q,2026-08-06 15:58:00 UTC,0,0,VOICEMAIL,0
CALL-00000700,CUST-00100,AGT-0020,62b19719ecb8196c2d01167906e89ab3f775fbd343ce4a4950b06b9993c2dece,18885550200,callback,TECH-Q,2026-08-06 16:09:00 UTC,0,0,CALLBACK_SCHEDULED,0
CALL-00000701,CUST-00101,AGT-0021,18625a981fc226abb1410005283ab6d019be587b6d7099756fd856bc6d051abc,18005551234,voice,SALES-Q,2026-08-06 16:20:00 UTC,160,100,ANSWERED,80
CALL-00000702,CUST-00102,AGT-0022,43b19561543e04edee149a5475a7009358372f1d091db938f6ca97c25081e498,18005555678,voice,SUPPORT-Q,2026-08-06 16:31:00 UTC,173,107,ANSWERED,85
CALL-00000703,CUST-00103,AGT-0023,35af68b6f8c5d55abb5565888d6088c7466a80175e03c253a053ffc5ee43138d,18885550100,voice,RETENTION-Q,2026-08-06 16:42:00 UTC,186,114,ANSWERED,0
CALL-00000704,CUST-00104,,9a58f9dcea0f2db22c14af0102a0697b017c2eb9f31ce47896567cd9f0e950e5,18885550200,chat,BILLING-Q,2026-08-06 16:53:00 UTC,0,0,ABANDONED,0
CALL-00000705,CUST-00105,AGT-0025,c3236333e9f8ddd60546c6157a440ef7180fde8524095ab552e6a9c77b05008c,18005551234,callback,TECH-Q,2026-08-06 17:04:00 UTC,212,0,TRANSFER,10
CALL-00000706,CUST-00106,,b932d7fae9961f988a14d723fcaac1e617c83cb6d3bfa0ed4aab37d593beb7e5,18005555678,voice,SALES-Q,2026-08-06 17:15:00 UTC,0,0,VOICEMAIL,0
CALL-00000707,CUST-00107,AGT-0027,8229df4a590cfaa8825088e970dcdfd9a001293449b1e6ce3e80f28ecfede614,18885550100,voice,SUPPORT-Q,2026-08-06 17:26:00 UTC,0,0,CALLBACK_SCHEDULED,0
CALL-00000708,CUST-00108,AGT-0028,ae7a753b80047bf02e101ecc56be77189c343796313c8082c4a269c546b489e0,18885550200,voice,RETENTION-Q,2026-08-06 17:37:00 UTC,251,29,ANSWERED,25
CALL-00000709,CUST-00109,AGT-0029,7514a726a63d148327e397af184f3fd1a33721d330e5676f9edf5dcfdd76cd4e,18005551234,chat,BILLING-Q,2026-08-06 17:48:00 UTC,264,36,ANSWERED,30
CALL-00000710,CUST-00110,AGT-0030,293fc8eb8f1f2a24e5917814064c62d8c0c1a137cc14a456b02dde88f08bae75,18005555678,callback,TECH-Q,2026-08-06 17:59:00 UTC,277,43,ANSWERED,35
CALL-00000711,CUST-00111,,9118cdfcb795c56c03094b61a4ec979be0b2929843452936f34fd008d8de111d,18885550100,voice,SALES-Q,2026-08-06 18:10:00 UTC,0,0,ABANDONED,0
CALL-00000712,CUST-00112,AGT-0032,36cab2900532c58eaa89cab2686bd59130bf90612b6c213d2b49c406b1b2f136,18885550200,voice,SUPPORT-Q,2026-08-06 18:21:00 UTC,303,0,TRANSFER,45
CALL-00000713,CUST-00113,,c7700aa222ebfdd0d27a9f5a76b34145fe5072b4906835665f1396d2d0da99ef,18005551234,voice,RETENTION-Q,2026-08-06 18:32:00 UTC,0,0,VOICEMAIL,0
CALL-00000714,CUST-00114,AGT-0034,dfdd55783281f7418679f6bb288c44ce54f13442085d39f4fc3bb0b03828360c,18005555678,chat,BILLING-Q,2026-08-06 18:43:00 UTC,0,0,CALLBACK_SCHEDULED,0
CALL-00000715,CUST-00115,AGT-0035,b6a4fc5a40584a1c0edd7ee453bb36846c0390464609e367b3aa7839a3a56d82,18885550100,callback,TECH-Q,2026-08-06 18:54:00 UTC,342,78,ANSWERED,60
CALL-00000716,CUST-00116,AGT-0036,31e4a5aeb8f914ce6a2066ec5eebfc9e2def3e59f0b86bac41832b5050410103,18885550200,voice,SALES-Q,2026-08-06 19:05:00 UTC,355,85,ANSWERED,65
CALL-00000717,CUST-00117,AGT-0037,c7a79938b944e968a028d1ace6106357894f0a0d9e65cf8860658817d1ce00b4,18005551234,voice,SUPPORT-Q,2026-08-06 19:16:00 UTC,368,92,ANSWERED,70
CALL-00000718,CUST-00118,,9ed5d993537600ed694a7e1354054f8f2d28c088c57a27eb5407fbabca2d77d4,18005555678,voice,RETENTION-Q,2026-08-06 19:27:00 UTC,0,0,ABANDONED,0
CALL-00000719,CUST-00119,AGT-0039,02f6303cd345a8996dabba9dc8e6cfc27c209e827d3a4683896bb4bd25aa8c61,18885550100,chat,BILLING-Q,2026-08-06 19:38:00 UTC,394,0,TRANSFER,80
CALL-00000720,CUST-00120,,a0881892da8f10cdf1139beb092b0878db2629edf239d5efe4de2130acbef66f,18885550200,callback,TECH-Q,2026-08-06 19:49:00 UTC,0,0,VOICEMAIL,0
CALL-00000721,CUST-00121,AGT-0001,040bb12824a7af8710dba117d5e1e0e6a7c8dd32aff1ed19dc30001d5a54afaa,18005551234,voice,SALES-Q,2026-08-06 20:00:00 UTC,0,0,CALLBACK_SCHEDULED,0
CALL-00000722,CUST-00122,AGT-0002,29a8f947e4d7f3358afeb4e32fad647a69d7307c028800d6225af6278e4cc157,18005555678,voice,SUPPORT-Q,2026-08-06 20:11:00 UTC,433,7,ANSWERED,5
CALL-00000723,CUST-00123,AGT-0003,79b8b7178b5ca17ae1e32fffa568272194a969c6bd0985b6bf12d2300ea47bf3,18885550100,voice,RETENTION-Q,2026-08-06 20:22:00 UTC,446,14,ANSWERED,10
CALL-00000724,CUST-00124,AGT-0004,e97c4f32207de7c96d786340335aa9a8bd3c121babeeddd46099740ac66c27ca,18885550200,chat,BILLING-Q,2026-08-06 20:33:00 UTC,459,21,ANSWERED,15
CALL-00000725,CUST-00125,,e50e8873366d917c79c83b28f1ffc2c209f1b2bed5bebc187d0bb22b742cb7e6,18005551234,callback,TECH-Q,2026-08-06 20:44:00 UTC,0,0,ABANDONED,0
CALL-00000726,CUST-00126,AGT-0006,a1d30d9013df81192b6d826393e92f94156bf6003f9eb0333e4b709499002029,18005555678,voice,SALES-Q,2026-08-06 20:55:00 UTC,485,0,TRANSFER,25
CALL-00000727,CUST-00127,,861bc9793ff4502554d3581179c639fa1ed92b8ff17394f0a5aefc606c29a4dc,18885550100,voice,SUPPORT-Q,2026-08-06 21:06:00 UTC,0,0,VOICEMAIL,0
CALL-00000728,CUST-00128,AGT-0008,1156c01896597b9df929863be684ee1a1dd44dca8b64c40e784fc4f0635479ec,18885550200,voice,RETENTION-Q,2026-08-06 21:17:00 UTC,0,0,CALLBACK_SCHEDULED,0
CALL-00000729,CUST-00129,AGT-0009,e3254503999d54fc4d91740eff866111e7eb3c900154b6d546a158503dac4aaa,18005551234,chat,BILLING-Q,2026-08-06 21:28:00 UTC,524,56,ANSWERED,40
CALL-00000730,CUST-00130,AGT-0010,27a17afb68817a142c833555311ce8b357fdda6597dce26c0ed4025f5d7b36c9,18005555678,callback,TECH-Q,2026-08-06 21:39:00 UTC,537,63,ANSWERED,45
CALL-00000731,CUST-00131,AGT-0011,886ed34aa657e35764d7c63d389002d15365ca5caf83df0b8f78849888ffe6a6,18885550100,voice,SALES-Q,2026-08-06 21:50:00 UTC,550,70,ANSWERED,50
CALL-00000732,CUST-00132,,5b8c7645d46502ec5b32acee73a9fe758923eced4971f6c9ecdeaf2ee23f92e2,18885550200,voice,SUPPORT-Q,2026-08-06 22:01:00 UTC,0,0,ABANDONED,0
CALL-00000733,CUST-00133,AGT-0013,ce40f679b40cbc1b7bf83114c4d82f3c44c0c0e1e98b349adc4cbcf82c91d14a,18005551234,voice,RETENTION-Q,2026-08-06 22:12:00 UTC,576,0,TRANSFER,60
CALL-00000734,CUST-00134,,aeef6e16479b6d1d1c9cbc94718296219813332853fd719bbb4e946123888e2f,18005555678,chat,BILLING-Q,2026-08-06 22:23:00 UTC,0,0,VOICEMAIL,0
CALL-00000735,CUST-00135,AGT-0015,62fb5931d119c840be463a9f9bddb39ce4f07425de27e861200c6cd24384d9b4,18885550100,callback,TECH-Q,2026-08-06 22:34:00 UTC,0,0,CALLBACK_SCHEDULED,0
CALL-00000736,CUST-00136,AGT-0016,8539d269d3b8630e6b0efa43ba2ce63389be0f3b6535969d8c62e1b72c7973bc,18885550200,voice,SALES-Q,2026-08-06 22:45:00 UTC,615,105,ANSWERED,75
CALL-00000737,CUST-00137,AGT-0017,ef51873fd036404575b1ec5fe7c41b3cbe620170cb45a00a92acbaae8e90e935,18005551234,voice,SUPPORT-Q,2026-08-06 22:56:00 UTC,628,112,ANSWERED,80
CALL-00000738,CUST-00138,AGT-0018,f56bf734353d3799859634b9732bf1943014f2e7a2a5695c678f5aaa1492ddab,18005555678,voice,RETENTION-Q,2026-08-06 23:07:00 UTC,641,119,ANSWERED,85
CALL-00000739,CUST-00139,,84ac680371cb4d97aceaf53b51cc4552752fd71ba8b076e4e40698161248eede,18885550100,chat,BILLING-Q,2026-08-06 23:18:00 UTC,0,0,ABANDONED,0
CALL-00000740,CUST-00140,AGT-0020,7a3979e495665c1f203e146f77b9cb62513f4f90a88ed1aab151d1753ee14d8e,18885550200,callback,TECH-Q,2026-08-06 23:29:00 UTC,667,0,TRANSFER,5
CALL-00000741,CUST-00141,,24eff26e6645bb8bd63edb5b1b528b85f824bf7cbf9e9f6134d94c3e65ec2094,18005551234,voice,SALES-Q,2026-08-06 23:40:00 UTC,0,0,VOICEMAIL,0
CALL-00000742,CUST-00142,AGT-0022,c57fada5e6370ea6e11829e74d1ad5d459551e64e0676ab242b39ba42e823846,18005555678,voice,SUPPORT-Q,2026-08-06 23:51:00 UTC,0,0,CALLBACK_SCHEDULED,0
CALL-00000743,CUST-00143,AGT-0023,33f8c8c1250ae4707c5f54960b0dbcbc1ed888906056b49ede57264fc3a3f87c,18885550100,voice,RETENTION-Q,2026-08-07 00:02:00 UTC,706,34,ANSWERED,20
CALL-00000744,CUST-00144,AGT-0024,d4e649bad8451eb3b4f870d0504e3ffb43e539f7faa32cc161c0f7620a49b075,18885550200,chat,BILLING-Q,2026-08-07 00:13:00 UTC,719,41,ANSWERED,25
CALL-00000745,CUST-00145,AGT-0025,7111fd58369da92e19cfcd49a1ad0e67c034261dfa389300f9939e2d92f8ffc7,18005551234,callback,TECH-Q,2026-08-07 00:24:00 UTC,732,48,ANSWERED,30
CALL-00000746,CUST-00146,,cded959842a1dd2cb0af0c47c9ca7004a1c857ad233b4e90b55c98f530c0f408,18005555678,voice,SALES-Q,2026-08-07 00:35:00 UTC,0,0,ABANDONED,0
CALL-00000747,CUST-00147,AGT-0027,c0de2d72f569c06020852b1c0cc3d81c2c3852d6a32d08aee85e6a112952e206,18885550100,voice,SUPPORT-Q,2026-08-07 00:46:00 UTC,758,0,TRANSFER,40
CALL-00000748,CUST-00148,,18cfd47ae788bb87a69d4110cd78ae7baef5edf9c10008e7ff0c2c12231057a3,18885550200,voice,RETENTION-Q,2026-08-07 00:57:00 UTC,0,0,VOICEMAIL,0
CALL-00000749,CUST-00149,AGT-0029,42aeda42d21a7f097bc6ad36f82da63f0d46be26ce8ff1aec62a86c2942953ec,18005551234,chat,BILLING-Q,2026-08-07 01:08:00 UTC,0,0,CALLBACK_SCHEDULED,0
CALL-00000750,CUST-00150,AGT-0030,edcdb7d64614654490f8f3704dbc4236845c704df639b870b87ef58acd41a7b1,18005555678,callback,TECH-Q,2026-08-07 01:19:00 UTC,797,83,ANSWERED,55
CALL-00000751,CUST-00151,AGT-0031,32079a37b79889cbbc578304f368217f26e61bc81e22f6f273d3ac7facabbe32,18885550100,voice,SALES-Q,2026-08-07 01:30:00 UTC,810,90,ANSWERED,60
CALL-00000752,CUST-00152,AGT-0032,bb04a28bc2320aeed8b07ddee7dd9e889cb45bdbaf86527648576813ae25c52f,18885550200,voice,SUPPORT-Q,2026-08-07 01:41:00 UTC,823,97,ANSWERED,65
CALL-00000753,CUST-00153,,7438fa0155d6b9f747319ec7245f26132ddfdcf7c6e94fb0fb26a27648034e9f,18005551234,voice,RETENTION-Q,2026-08-07 01:52:00 UTC,0,0,ABANDONED,0
CALL-00000754,CUST-00154,AGT-0034,cd9e4c7c8127af60c7486733a5ee6a6b28f0638294207e85ef2b863fb468156e,18005555678,chat,BILLING-Q,2026-08-07 02:03:00 UTC,849,0,TRANSFER,75
CALL-00000755,CUST-00155,,5347247f8e62986674625cdfda166c782bcf0d552e3b72c457df2582f45f763d,18885550100,callback,TECH-Q,2026-08-07 02:14:00 UTC,0,0,VOICEMAIL,0
CALL-00000756,CUST-00156,AGT-0036,dd0b59928dcacb5a80e500c83a950df40ec06e3c23cd8ad000ac40b554bf0f83,18885550200,voice,SALES-Q,2026-08-07 02:25:00 UTC,0,0,CALLBACK_SCHEDULED,0
CALL-00000757,CUST-00157,AGT-0037,9a571ec88e83ab26a77d451256933fb108d20809e8b08acdae7df28c7340f640,18005551234,voice,SUPPORT-Q,2026-08-07 02:36:00 UTC,888,12,ANSWERED,0
CALL-00000758,CUST-00158,AGT-0038,85e7922f66019b36cca33354a3aded4b3a0428e023c91807d53e0a999ad53c49,18005555678,voice,RETENTION-Q,2026-08-07 02:47:00 UTC,901,19,ANSWERED,5
CALL-00000759,CUST-00159,AGT-0039,866de6b8c6d35cf11800b36972f8d9b5e8de165c6e8fae2a4d135fa55349bbc6,18885550100,chat,BILLING-Q,2026-08-07 02:58:00 UTC,914,26,ANSWERED,10
CALL-00000760,CUST-00160,,bd96880d4da496fc1b650baa2b8943290fbf11d3e017f90a798fec76fa8d5691,18885550200,callback,TECH-Q,2026-08-07 03:09:00 UTC,0,0,ABANDONED,0
CALL-00000761,CUST-00161,AGT-0001,4e2cc6faed070f8f833c7dd4e6f8a63d19381fee37b52f49c3c99eef4e938c2c,18005551234,voice,SALES-Q,2026-08-07 03:20:00 UTC,940,0,TRANSFER,20
CALL-00000762,CUST-00162,,2591e900f9ec7b4fd094caa7d9d2a254e7f7ff96b600a3d3011c43c77d4dbeb8,18005555678,voice,SUPPORT-Q,2026-08-07 03:31:00 UTC,0,0,VOICEMAIL,0
CALL-00000763,CUST-00163,AGT-0003,f6795f4b2ef0f17cea25f90fa3bdeea844a21b066b8e03430222786eb5aad7a6,18885550100,voice,RETENTION-Q,2026-08-07 03:42:00 UTC,0,0,CALLBACK_SCHEDULED,0
CALL-00000764,CUST-00164,AGT-0004,35835a236b9f990ab126084cd3f688eecd1063522c5630bc6c0195f6cb8eb181,18885550200,chat,BILLING-Q,2026-08-07 03:53:00 UTC,79,61,ANSWERED,35
CALL-00000765,CUST-00165,AGT-0005,0cc2755756e01a0d2ccce445a8d18bfb144a029d34b6cf975b513c818a2d56eb,18005551234,callback,TECH-Q,2026-08-07 04:04:00 UTC,92,68,ANSWERED,40
CALL-00000766,CUST-00166,AGT-0006,5e7750764e54587c830fd2ca227641424e89d18dc7a01397e87b6b051733223f,18005555678,voice,SALES-Q,2026-08-07 04:15:00 UTC,105,75,ANSWERED,45
CALL-00000767,CUST-00167,,180faf9fc4ce3cbabc218a8fbba51de8566c392b04558a65608573c49377d8d2,18885550100,voice,SUPPORT-Q,2026-08-07 04:26:00 UTC,0,0,ABANDONED,0
CALL-00000768,CUST-00168,AGT-0008,aabb15e1c6b05ac2028e738c57b83f3fc5b0eb459f0ccf90fb9cd3bf4241f4e6,18885550200,voice,RETENTION-Q,2026-08-07 04:37:00 UTC,131,0,TRANSFER,55
CALL-00000769,CUST-00169,,97f676a81d2df18fc5ab97730388709a83938047a3442dd2c113324279a24fa6,18005551234,chat,BILLING-Q,2026-08-07 04:48:00 UTC,0,0,VOICEMAIL,0
CALL-00000770,CUST-00170,AGT-0010,44d65f5edaed6ad0a763c2f399e62d35896babe6c4a8ec7e88b81f49e89fe21e,18005555678,callback,TECH-Q,2026-08-07 04:59:00 UTC,0,0,CALLBACK_SCHEDULED,0
CALL-00000771,CUST-00171,AGT-0011,b9654e6b9b366a13327334fb0f25c0b551da64d34002222e25594ef3897947f8,18885550100,voice,SALES-Q,2026-08-07 05:10:00 UTC,170,110,ANSWERED,70
CALL-00000772,CUST-00172,AGT-0012,4d506922b182eee59bbac7155aea1f24e22f431e5b4ad9b5a1866362439c91c2,18885550200,voice,SUPPORT-Q,2026-08-07 05:21:00 UTC,183,117,ANSWERED,75
CALL-00000773,CUST-00173,AGT-0013,6850789032e38c9b75d8fe87cdb66701d09a98dbeac2b38f3f2e8265f5c5edb0,18005551234,voice,RETENTION-Q,2026-08-07 05:32:00 UTC,196,4,ANSWERED,80
CALL-00000774,CUST-00174,,108df97ece2982f9fe6bc583c5c285fea62336c37bc77dbd42ef58dafab12d03,18005555678,chat,BILLING-Q,2026-08-07 05:43:00 UTC,0,0,ABANDONED,0
CALL-00000775,CUST-00175,AGT-0015,abf7c5b2ab65e3d90ee8f30fa3e0fb32ab7bd87ea47df35103112ebd1a8f59d0,18885550100,callback,TECH-Q,2026-08-07 05:54:00 UTC,222,0,TRANSFER,0
CALL-00000776,CUST-00176,,f16ab4ca143ab2c55095af56024cbcdef91826b31893b75163348edad59d89f8,18885550200,voice,SALES-Q,2026-08-07 06:05:00 UTC,0,0,VOICEMAIL,0
CALL-00000777,CUST-00177,AGT-0017,506c4d0f81803c4dd0e72e421245ff1deeed63fcf3340e9a1ccea8aee30928f2,18005551234,voice,SUPPORT-Q,2026-08-07 06:16:00 UTC,0,0,CALLBACK_SCHEDULED,0
CALL-00000778,CUST-00178,AGT-0018,14ad3e64478751b957fbe3a72a50ff2c7819c6f58ceeda5c4e02de96be52db00,18005555678,voice,RETENTION-Q,2026-08-07 06:27:00 UTC,261,39,ANSWERED,15
CALL-00000779,CUST-00179,AGT-0019,89256b7d4c573d72f0ff7444adfcba2d8d267efbfb9e4bc911318ee32ff22a0c,18885550100,chat,BILLING-Q,2026-08-07 06:38:00 UTC,274,46,ANSWERED,20
CALL-00000780,CUST-00180,AGT-0020,a6f64a7c4cb501d3f5b06284536f888632a89da43c1a42173767d99aa8e0f6ee,18885550200,callback,TECH-Q,2026-08-07 06:49:00 UTC,287,53,ANSWERED,25
CALL-00000781,CUST-00181,,8ddb59d9a7fed3dc45e233a02268500b236f3decec03dcf6f03cf237a673e3b6,18005551234,voice,SALES-Q,2026-08-07 07:00:00 UTC,0,0,ABANDONED,0
CALL-00000782,CUST-00182,AGT-0022,37ec2565bb272f48c7b571b250edfb01a4dfe57e1768058903e81a4248cc8aea,18005555678,voice,SUPPORT-Q,2026-08-07 07:11:00 UTC,313,0,TRANSFER,35
CALL-00000783,CUST-00183,,994ad4ab74e5052f11ee137e10fca9c3b2c9558576d880f9ca7a63729bf56c05,18885550100,voice,RETENTION-Q,2026-08-07 07:22:00 UTC,0,0,VOICEMAIL,0
CALL-00000784,CUST-00184,AGT-0024,4cb394cfee7c57f343f92351a9ec8a7b2a76169015599e664f5da6dd681a3897,18885550200,chat,BILLING-Q,2026-08-07 07:33:00 UTC,0,0,CALLBACK_SCHEDULED,0
CALL-00000785,CUST-00185,AGT-0025,af2dd45f8ce453925cb2a560ef64becca389b0a905903f843bc08ac07e827b0b,18005551234,callback,TECH-Q,2026-08-07 07:44:00 UTC,352,88,ANSWERED,50
CALL-00000786,CUST-00186,AGT-0026,dfacb776c796290c0e0a6da9661d97e985a36c60e4bf447066dfe54368155cb4,18005555678,voice,SALES-Q,2026-08-07 07:55:00 UTC,365,95,ANSWERED,55
CALL-00000787,CUST-00187,AGT-0027,3993364479260886ec7b2f79006cde4ae41ecafc02bcb55df9845ccfcc55aa51,18885550100,voice,SUPPORT-Q,2026-08-07 08:06:00 UTC,378,102,ANSWERED,60
CALL-00000788,CUST-00188,,c3ef1d1f544cf499c46881d27acb20c895e5ab10b08139fcb80940689f12ab8e,18885550200,voice,RETENTION-Q,2026-08-07 08:17:00 UTC,0,0,ABANDONED,0
CALL-00000789,CUST-00189,AGT-0029,a121014eb4f83de91b4e534dc69cff23a70af20ed95652603ea03aa5dcd26542,18005551234,chat,BILLING-Q,2026-08-07 08:28:00 UTC,404,0,TRANSFER,70
CALL-00000790,CUST-00190,,d1efbcd96b60c56cd5b4bc9f2145a615e3728049a5ccb134fc6bf84f72051f8a,18005555678,callback,TECH-Q,2026-08-07 08:39:00 UTC,0,0,VOICEMAIL,0
CALL-00000791,CUST-00191,AGT-0031,45707c443d546afd5bc2b001e8d09211315ba01bbd0c2ca99698af77265731f7,18885550100,voice,SALES-Q,2026-08-07 08:50:00 UTC,0,0,CALLBACK_SCHEDULED,0
CALL-00000792,CUST-00192,AGT-0032,da1a47183e170b73dba9a80c9f1bc1e015ce26fd5442800c2504020e69edc13c,18885550200,voice,SUPPORT-Q,2026-08-07 09:01:00 UTC,443,17,ANSWERED,85
CALL-00000793,CUST-00193,AGT-0033,50899cb047e9e302313bf82d0a113741438e9457579ba24962ec9c9b768da4f4,18005551234,voice,RETENTION-Q,2026-08-07 09:12:00 UTC,456,24,ANSWERED,0
CALL-00000794,CUST-00194,AGT-0034,22455c99b7c0ffe229e8c61924e13067f7c48512f61f51f333395bc27e328240,18005555678,chat,BILLING-Q,2026-08-07 09:23:00 UTC,469,31,ANSWERED,5
CALL-00000795,CUST-00195,,d92359bc871eb7df16c0c6856243e51c800c50a24702c49e80073bae7e8b72e2,18885550100,callback,TECH-Q,2026-08-07 09:34:00 UTC,0,0,ABANDONED,0
CALL-00000796,CUST-00196,AGT-0036,ee61a1e870faf85fcb3520afa31c934d949e85abf8993c7ba9ff63b31c26c3b1,18885550200,voice,SALES-Q,2026-08-07 09:45:00 UTC,495,0,TRANSFER,15
CALL-00000797,CUST-00197,,9a6fdf5e8b81b02a3b0699c69dc75e526e5616a45380ba6953ab293c2a804b6f,18005551234,voice,SUPPORT-Q,2026-08-07 09:56:00 UTC,0,0,VOICEMAIL,0
CALL-00000798,CUST-00198,AGT-0038,a2e9b1e84fa237c67ecb7b67a5fbbd2bca47860f92d8c59b93b0d53b67b1bbcc,18005555678,voice,RETENTION-Q,2026-08-07 10:07:00 UTC,0,0,CALLBACK_SCHEDULED,0
CALL-00000799,CUST-00199,AGT-0039,6dcf1401b9fe6af931e5ca91747db4875ff0d1c887547ae9120a18405b99131e,18885550100,chat,BILLING-Q,2026-08-07 10:18:00 UTC,534,66,ANSWERED,30
CALL-00000800,CUST-00200,AGT-0040,ed3ee11761bbe50293763e7b1ac1fa1a7b1adad830b23cba726fcfd6f9b5a679,18885550200,callback,TECH-Q,2026-08-07 10:29:00 UTC,547,73,ANSWERED,35
CALL-00000801,CUST-00201,AGT-0001,605e51d3207cdecf2cbb819db99ee4695a986e2a36c4515dd855ced1f90222c7,18005551234,voice,SALES-Q,2026-08-07 10:40:00 UTC,560,80,ANSWERED,40
CALL-00000802,CUST-00202,,12db95c2a8fc024ebcd558b7b93559293c8e5760b88f08829ded0292da3458a6,18005555678,voice,SUPPORT-Q,2026-08-07 10:51:00 UTC,0,0,ABANDONED,0
CALL-00000803,CUST-00203,AGT-0003,ce1c78d450aae6446c089920827601b96d813213d6d57d3a73b139af595a45ac,18885550100,voice,RETENTION-Q,2026-08-07 11:02:00 UTC,586,0,TRANSFER,50
CALL-00000804,CUST-00204,,208c5ade21c744a2264bc9be832e6ab94db673903a325a7370b7bae5add85955,18885550200,chat,BILLING-Q,2026-08-07 11:13:00 UTC,0,0,VOICEMAIL,0
CALL-00000805,CUST-00205,AGT-0005,d4d5dcb167b79cdca0267cc22d7d7f8a97927c2357fb1afa18ff6224ce36ba62,18005551234,callback,TECH-Q,2026-08-07 11:24:00 UTC,0,0,CALLBACK_SCHEDULED,0
CALL-00000806,CUST-00206,AGT-0006,92b07c78a3b490d39d7a6460f4cbfa7ab6854e9ea52d9acd9bd2604cca94cfb2,18005555678,voice,SALES-Q,2026-08-07 11:35:00 UTC,625,115,ANSWERED,65
CALL-00000807,CUST-00207,AGT-0007,981dd3916741ee59e30d9dfc208e8f2b011cc0d2b3d8913a359b6f8ba67d1f59,18885550100,voice,SUPPORT-Q,2026-08-07 11:46:00 UTC,638,2,ANSWERED,70
CALL-00000808,CUST-00208,AGT-0008,8ba0278fc0da4bd4c99dfd9999fcb58f86ac392a5a88c40de001917811049ac3,18885550200,voice,RETENTION-Q,2026-08-07 11:57:00 UTC,651,9,ANSWERED,75
CALL-00000809,CUST-00209,,88b9ecfb88b30d54459518cee2c0e8fdc3dd0142839aed2976edd66c8d4106ad,18005551234,chat,BILLING-Q,2026-08-07 12:08:00 UTC,0,0,ABANDONED,0
CALL-00000810,CUST-00210,AGT-0010,da1d5c108de83bcdd9635736b6650700191c5242e9d944bf5980b6fe4e774ec6,18005555678,callback,TECH-Q,2026-08-07 12:19:00 UTC,677,0,TRANSFER,85
CALL-00000811,CUST-00211,,e3760944fdadf04e052c6ef25d8934262aab9c3a89884b3b7ee539c34b91d6bc,18885550100,voice,SALES-Q,2026-08-07 12:30:00 UTC,0,0,VOICEMAIL,0
CALL-00000812,CUST-00212,AGT-0012,51fbf50b9c2c3b3aad4d813003e00638249f2be0a1f2bb7a09dd73d30c67e24b,18885550200,voice,SUPPORT-Q,2026-08-07 12:41:00 UTC,0,0,CALLBACK_SCHEDULED,0
CALL-00000813,CUST-00213,AGT-0013,a963890cabf628d07432f396090b7094bbebe720ae6ad122ceab5ccd3224806e,18005551234,voice,RETENTION-Q,2026-08-07 12:52:00 UTC,716,44,ANSWERED,10
CALL-00000814,CUST-00214,AGT-0014,97b890dc1044051a2528b0d98d1704a27933651164dbefadc6d0ab610fe2a6c7,18005555678,chat,BILLING-Q,2026-08-07 13:03:00 UTC,729,51,ANSWERED,15
CALL-00000815,CUST-00215,AGT-0015,924159067238b72387849af5c6fb961bb581847a92085b310104e4cbb3a2b5e4,18885550100,callback,TECH-Q,2026-08-07 13:14:00 UTC,742,58,ANSWERED,20
CALL-00000816,CUST-00216,,c519f94e6db98623c1cbd8c8e3517dc03b904fb84444b8cae4a0db297b23515d,18885550200,voice,SALES-Q,2026-08-07 13:25:00 UTC,0,0,ABANDONED,0
CALL-00000817,CUST-00217,AGT-0017,3c47a0501b917ee104b946d9d6eb384fc8cc9727a5140119f9185b2a6392a29a,18005551234,voice,SUPPORT-Q,2026-08-07 13:36:00 UTC,768,0,TRANSFER,30
CALL-00000818,CUST-00218,,ee0a53a8e154b63406b762d17369844fe358d859aa9a04e0d6b83a3728b9dba4,18005555678,voice,RETENTION-Q,2026-08-07 13:47:00 UTC,0,0,VOICEMAIL,0
CALL-00000819,CUST-00219,AGT-0019,0727cdaabbd1562ab4d4d624b36ba18fc540ef518ddfb867770b8391541c6c22,18885550100,chat,BILLING-Q,2026-08-07 13:58:00 UTC,0,0,CALLBACK_SCHEDULED,0
CALL-00000820,CUST-00220,AGT-0020,9552fd88043a3501ab85863e484af8d5e885b6adab0d589cdf611f912d753fe0,18885550200,callback,TECH-Q,2026-08-07 14:09:00 UTC,807,93,ANSWERED,45
CALL-00000821,CUST-00221,AGT-0021,f98473dc5fa48954b263924f6a1a0241bd3995c3d60c0ab021e23c959bd16255,18005551234,voice,SALES-Q,2026-08-07 14:20:00 UTC,820,100,ANSWERED,50
CALL-00000822,CUST-00222,AGT-0022,4262b572f2509580c4f4488499d3fd662ff89b494a313bc226b8350239bd76e5,18005555678,voice,SUPPORT-Q,2026-08-07 14:31:00 UTC,833,107,ANSWERED,55
CALL-00000823,CUST-00223,,b60f9545355596925981549b507aa775071510fdfea86997052cee133bc9151e,18885550100,voice,RETENTION-Q,2026-08-07 14:42:00 UTC,0,0,ABANDONED,0
CALL-00000824,CUST-00224,AGT-0024,6e0ccfb7a641998db5c363b1b76ae802556c10af27b8d9579f0a9b720cccc5eb,18885550200,chat,BILLING-Q,2026-08-07 14:53:00 UTC,859,0,TRANSFER,65
CALL-00000825,CUST-00225,,fbd09c8dfd02909bc4fc6308d9b2c7cce7226ee7de44a91f14abfc7168347885,18005551234,callback,TECH-Q,2026-08-07 15:04:00 UTC,0,0,VOICEMAIL,0
CALL-00000826,CUST-00226,AGT-0026,be18703954bac29bebeaf6779685c91a075be81eb9745b1ff76da55bbecc6c3a,18005555678,voice,SALES-Q,2026-08-07 15:15:00 UTC,0,0,CALLBACK_SCHEDULED,0
CALL-00000827,CUST-00227,AGT-0027,38062c6672a8069a7641d2c2c76c9d60e90d5dbc8acf8480550ef8f09fee4802,18885550100,voice,SUPPORT-Q,2026-08-07 15:26:00 UTC,898,22,ANSWERED,80
CALL-00000828,CUST-00228,AGT-0028,77a14aba8dd25207d76ad9860a926738ea71687c4c0eae1b6c02840a16bd4d12,18885550200,voice,RETENTION-Q,2026-08-07 15:37:00 UTC,911,29,ANSWERED,85
CALL-00000829,CUST-00229,AGT-0029,6e85b027bff8cf33708d1d8018566a504c033d4f2396b13d289695ba5848d589,18005551234,chat,BILLING-Q,2026-08-07 15:48:00 UTC,924,36,ANSWERED,0
CALL-00000830,CUST-00230,,12f5e97285b1ce2a0ba6d5ae2c110396715f3918687a48504f3010e26f9f1331,18005555678,callback,TECH-Q,2026-08-07 15:59:00 UTC,0,0,ABANDONED,0
CALL-00000831,CUST-00231,AGT-0031,58b72b6e7f8128437e62bf81cbb87a8df085dceaaa42d1236950474878dcdea9,18885550100,voice,SALES-Q,2026-08-07 16:10:00 UTC,950,0,TRANSFER,10
CALL-00000832,CUST-00232,,b505f1042dbad3debaf7cc568d7f57358ba507d6437be2986327c00e24c1d935,18885550200,voice,SUPPORT-Q,2026-08-07 16:21:00 UTC,0,0,VOICEMAIL,0
CALL-00000833,CUST-00233,AGT-0033,55b870a12c3b4b03ba97665d8caf8723b604f55a785a715c04387bdf3262bea6,18005551234,voice,RETENTION-Q,2026-08-07 16:32:00 UTC,0,0,CALLBACK_SCHEDULED,0
CALL-00000834,CUST-00234,AGT-0034,baa4f789635e09bf5a205aad19ee91cb89ee137ae3d8db5a06f412b4acfdfdf3,18005555678,chat,BILLING-Q,2026-08-07 16:43:00 UTC,89,71,ANSWERED,25
CALL-00000835,CUST-00235,AGT-0035,ac72c5a5b255bf0f3f16f8efb19082675c5c9b36f31ed1c878443300056d8409,18885550100,callback,TECH-Q,2026-08-07 16:54:00 UTC,102,78,ANSWERED,30
CALL-00000836,CUST-00236,AGT-0036,b9c063fc9e8d8230fc61c29adb82cde8be98431bfdcc99f15ffc230bd5a7462c,18885550200,voice,SALES-Q,2026-08-07 17:05:00 UTC,115,85,ANSWERED,35
CALL-00000837,CUST-00237,,150000de75fc6cece0e59db41f56b109733f320809088d8108a1fc1c40b212da,18005551234,voice,SUPPORT-Q,2026-08-07 17:16:00 UTC,0,0,ABANDONED,0
CALL-00000838,CUST-00238,AGT-0038,afd603b2ead9ef127064b2c9c271ba0a3f31af193ae142dc43567d12b6333cf5,18005555678,voice,RETENTION-Q,2026-08-07 17:27:00 UTC,141,0,TRANSFER,45
CALL-00000839,CUST-00239,,15a413e396d4a37d990146df8fc2bac5def19dafc5d2a9e944d6726e47369bfa,18885550100,chat,BILLING-Q,2026-08-07 17:38:00 UTC,0,0,VOICEMAIL,0
CALL-00000840,CUST-00240,AGT-0040,d1a7f581a401f51c933971d833d7f99bf16f587c1a40c65c3daabb3c33778c81,18885550200,callback,TECH-Q,2026-08-07 17:49:00 UTC,0,0,CALLBACK_SCHEDULED,0
CALL-00000841,CUST-00241,AGT-0001,d603fbf119fcfb6a47a4a53ae9c9be48c6010a0ebf46d99579e09ce6f6c23892,18005551234,voice,SALES-Q,2026-08-07 18:00:00 UTC,180,0,ANSWERED,60
CALL-00000842,CUST-00242,AGT-0002,314363b36f724fbf5d7483485b7438635ef9bd87c6d394c700f93efe701cdc3f,18005555678,voice,SUPPORT-Q,2026-08-07 18:11:00 UTC,193,7,ANSWERED,65
CALL-00000843,CUST-00243,AGT-0003,baedbd3b5437604e93f2ba0d60b0540a4601f9436d52cfc65f8cd6bd1e7e3546,18885550100,voice,RETENTION-Q,2026-08-07 18:22:00 UTC,206,14,ANSWERED,70
CALL-00000844,CUST-00244,,73fb5857b4973ec02b2deb38a7adf1d169f63593f13cbe4c34494765652c5ca6,18885550200,chat,BILLING-Q,2026-08-07 18:33:00 UTC,0,0,ABANDONED,0
CALL-00000845,CUST-00245,AGT-0005,28dd2b1b9f74eba2343c7f8e7cc8f43639a3879b8ae953c46c343734d5753a07,18005551234,callback,TECH-Q,2026-08-07 18:44:00 UTC,232,0,TRANSFER,80
CALL-00000846,CUST-00246,,10cb4aa137c4a7f0d5599c34216ff7441b310feae8179aecddae152774248464,18005555678,voice,SALES-Q,2026-08-07 18:55:00 UTC,0,0,VOICEMAIL,0
CALL-00000847,CUST-00247,AGT-0007,7a83cad91e0e74adcf54a48831e86d1319d63614dc7e15903b9f8b3ecc5a7d87,18885550100,voice,SUPPORT-Q,2026-08-07 19:06:00 UTC,0,0,CALLBACK_SCHEDULED,0
CALL-00000848,CUST-00248,AGT-0008,07a250c5c2bcd7e858e80ae8cb34ad287e0252c65539f18a5aef068bba7611ca,18885550200,voice,RETENTION-Q,2026-08-07 19:17:00 UTC,271,49,ANSWERED,5
CALL-00000849,CUST-00249,AGT-0009,901a07b2d978fa8e8e8db63dd5186a052ed1037e14c58ef0853e33683beb40b7,18005551234,chat,BILLING-Q,2026-08-07 19:28:00 UTC,284,56,ANSWERED,10
CALL-00000850,CUST-00250,AGT-0010,580b5bbd9999468877f7022e336a1fab98b648a290481139864adbeac871e4a9,18005555678,callback,TECH-Q,2026-08-07 19:39:00 UTC,297,63,ANSWERED,15
CALL-00000851,CUST-00251,,f621cc021a2cab65218e3137ac3efddf504f9f21bb10a29991c5c05f42d22f12,18885550100,voice,SALES-Q,2026-08-07 19:50:00 UTC,0,0,ABANDONED,0
CALL-00000852,CUST-00252,AGT-0012,233bfe064b36ad5114f899489af005488971fbdf9d56094d923fc087f23590d6,18885550200,voice,SUPPORT-Q,2026-08-07 20:01:00 UTC,323,0,TRANSFER,25
CALL-00000853,CUST-00253,,04c71e76fcc67b4877a448c85cc4e5985331b80a4e037a8966d6355390ae62a0,18005551234,voice,RETENTION-Q,2026-08-07 20:12:00 UTC,0,0,VOICEMAIL,0
CALL-00000854,CUST-00254,AGT-0014,91325c12c25995b95765f7c5be5f61a7a4177d6c84b5656cf7a9277a46401d02,18005555678,chat,BILLING-Q,2026-08-07 20:23:00 UTC,0,0,CALLBACK_SCHEDULED,0
CALL-00000855,CUST-00255,AGT-0015,8540beb044a57993ab45a8cdf81511c22ac696a328602c592ac2038dec9bcd08,18885550100,callback,TECH-Q,2026-08-07 20:34:00 UTC,362,98,ANSWERED,40
CALL-00000856,CUST-00256,AGT-0016,d7789011bdbc70322690fb8508b3823c861a3d51aaf3c12bd53ba504ac834dab,18885550200,voice,SALES-Q,2026-08-07 20:45:00 UTC,375,105,ANSWERED,45
CALL-00000857,CUST-00257,AGT-0017,67825af99a111166bbc8cb22fd6e7ea412663f477b86cc927f883128d720c4be,18005551234,voice,SUPPORT-Q,2026-08-07 20:56:00 UTC,388,112,ANSWERED,50
CALL-00000858,CUST-00258,,c63a6bce7ec1342d098e7c152ec714b6a8ff0b32c47c4e1f3e19d79d8977b14a,18005555678,voice,RETENTION-Q,2026-08-07 21:07:00 UTC,0,0,ABANDONED,0
CALL-00000859,CUST-00259,AGT-0019,2acb419a1c9461de848778c39f4afd857aeb7139c6b84d2dc94facba48f75f9a,18885550100,chat,BILLING-Q,2026-08-07 21:18:00 UTC,414,0,TRANSFER,60
CALL-00000860,CUST-00260,,9abd9a1c805159768fa5189c5ced285807b71186824c7730027f2943e14aeba7,18885550200,callback,TECH-Q,2026-08-07 21:29:00 UTC,0,0,VOICEMAIL,0
CALL-00000861,CUST-00261,AGT-0021,1fe01da1ec5be982e5523c8e089f00f8c6d11f48e3d95b0b4ac752dbc9a31984,18005551234,voice,SALES-Q,2026-08-07 21:40:00 UTC,0,0,CALLBACK_SCHEDULED,0
CALL-00000862,CUST-00262,AGT-0022,ade0da6d63e3a9629f8e9d0713e2287a3ca8476affb441faed51cce1bf6a12a7,18005555678,voice,SUPPORT-Q,2026-08-07 21:51:00 UTC,453,27,ANSWERED,75
CALL-00000863,CUST-00263,AGT-0023,72974597676b7de31b364582762354e3329bf8ac679fe59e432bd829476615a6,18885550100,voice,RETENTION-Q,2026-08-07 22:02:00 UTC,466,34,ANSWERED,80
CALL-00000864,CUST-00264,AGT-0024,b21775480e2daf524d4476eb634db6932f2f9b7eb90231b6af873085c6a40878,18885550200,chat,BILLING-Q,2026-08-07 22:13:00 UTC,479,41,ANSWERED,85
CALL-00000865,CUST-00265,,67240f1a59b5fb1cdb8c2cba7afcb2dd9fbf91c098fa9f4706bbd61d88ec1bf9,18005551234,callback,TECH-Q,2026-08-07 22:24:00 UTC,0,0,ABANDONED,0
CALL-00000866,CUST-00266,AGT-0026,2bd3fcee967c69da399660b8a8b32c81bb15649ce6cbca37e3cac64cae68e4f1,18005555678,voice,SALES-Q,2026-08-07 22:35:00 UTC,505,0,TRANSFER,5
CALL-00000867,CUST-00267,,f7a0ab163a9a8e74661550bd6fa319c634c1db1ca11c03bb33961650bfe80ce0,18885550100,voice,SUPPORT-Q,2026-08-07 22:46:00 UTC,0,0,VOICEMAIL,0
CALL-00000868,CUST-00268,AGT-0028,0d0b74ee7be939f9fc0283719d598fcff0cd6db4f2ed68409c43aa3e68f65173,18885550200,voice,RETENTION-Q,2026-08-07 22:57:00 UTC,0,0,CALLBACK_SCHEDULED,0
CALL-00000869,CUST-00269,AGT-0029,1fa728caf8b243a472f6cbed7102eac5c78c62226624866122003a6c9381e1e8,18005551234,chat,BILLING-Q,2026-08-07 23:08:00 UTC,544,76,ANSWERED,20
CALL-00000870,CUST-00270,AGT-0030,451d9ce91fbed5b8f36c026e1236dd593459977ca5a2bef5e9c77e1ff9087095,18005555678,callback,TECH-Q,2026-08-07 23:19:00 UTC,557,83,ANSWERED,25
CALL-00000871,CUST-00271,AGT-0031,ba1e5d191c5e6a78b087d8dbc3a1d0173ae7439184a78f57ada139c0c85ed520,18885550100,voice,SALES-Q,2026-08-07 23:30:00 UTC,570,90,ANSWERED,30
CALL-00000872,CUST-00272,,46b17dcfaa9c88fbaf82d236f9c03cae1052b96d96a09285b87fcebcc762d229,18885550200,voice,SUPPORT-Q,2026-08-07 23:41:00 UTC,0,0,ABANDONED,0
CALL-00000873,CUST-00273,AGT-0033,36a0529982babc8b36374183f79963ffdd21e82950d6e14c6762bef6fa9e7c68,18005551234,voice,RETENTION-Q,2026-08-07 23:52:00 UTC,596,0,TRANSFER,40
CALL-00000874,CUST-00274,,fc3d020df25e3151b8efbd6bfc40a5d803bbbd32f16212a9726053daa6ba2dae,18005555678,chat,BILLING-Q,2026-08-08 00:03:00 UTC,0,0,VOICEMAIL,0
CALL-00000875,CUST-00275,AGT-0035,ae80ba555eee334fedb5c86cd8d8f5d35783331c120ba302ebe0a4d3204aa801,18885550100,callback,TECH-Q,2026-08-08 00:14:00 UTC,0,0,CALLBACK_SCHEDULED,0
CALL-00000876,CUST-00276,AGT-0036,d9f84108eeda586a8357b20e70817118e8b595078b37f99858cdc507a6ddbc56,18885550200,voice,SALES-Q,2026-08-08 00:25:00 UTC,635,5,ANSWERED,55
CALL-00000877,CUST-00277,AGT-0037,cbcb944e0afbc07232f06c497b6cf0cf2786b483122a35e620f5885246bc3a21,18005551234,voice,SUPPORT-Q,2026-08-08 00:36:00 UTC,648,12,ANSWERED,60
CALL-00000878,CUST-00278,AGT-0038,b424b32b84e9b5175141e89a8d97071c9045031077c7fba03af602d3d9c39de2,18005555678,voice,RETENTION-Q,2026-08-08 00:47:00 UTC,661,19,ANSWERED,65
CALL-00000879,CUST-00279,,4045925710a976ea16edf09f54e63819790880dba3dd4fbacf1704cb5fd4762a,18885550100,chat,BILLING-Q,2026-08-08 00:58:00 UTC,0,0,ABANDONED,0
CALL-00000880,CUST-00280,AGT-0040,94788ec43017199228d0a37af09a3c5c3ea60bb324caaed7f7cceaf2162b5ce5,18885550200,callback,TECH-Q,2026-08-08 01:09:00 UTC,687,0,TRANSFER,75
CALL-00000881,CUST-00281,,26da023581bbe424d47e4792e80bea102691237eedd7536e1773661dd892ea56,18005551234,voice,SALES-Q,2026-08-08 01:20:00 UTC,0,0,VOICEMAIL,0
CALL-00000882,CUST-00282,AGT-0002,1bdf3203a3473e40c9ab6fe6d0bfb0f7e512c6d7c08380bdb31a19962bb8e05c,18005555678,voice,SUPPORT-Q,2026-08-08 01:31:00 UTC,0,0,CALLBACK_SCHEDULED,0
CALL-00000883,CUST-00283,AGT-0003,a43f416b20c301940300f8ac833995bdda32f5c639e2ba7a0a9b76023c0cbc43,18885550100,voice,RETENTION-Q,2026-08-08 01:42:00 UTC,726,54,ANSWERED,0
CALL-00000884,CUST-00284,AGT-0004,b0dcd00dcfb4e56a73c95820b3b93642648f77d95a6a03ec0dd915dd348f05cb,18885550200,chat,BILLING-Q,2026-08-08 01:53:00 UTC,739,61,ANSWERED,5
CALL-00000885,CUST-00285,AGT-0005,3efc4f99a16e0e8a35297e59ba7ae617f2912e27782bf92cc8852a9d6c7d836e,18005551234,callback,TECH-Q,2026-08-08 02:04:00 UTC,752,68,ANSWERED,10
CALL-00000886,CUST-00286,,2b2f2304d8b673f763fe4d1426d0193d78f17c488e0cd357e2af92ae6b574a60,18005555678,voice,SALES-Q,2026-08-08 02:15:00 UTC,0,0,ABANDONED,0
CALL-00000887,CUST-00287,AGT-0007,ae247184fe3305c6e95c1a647a79bd2b8b4ce1b4582e568f37202918334bd59e,18885550100,voice,SUPPORT-Q,2026-08-08 02:26:00 UTC,778,0,TRANSFER,20
CALL-00000888,CUST-00288,,4995b37a8e5f1becde7830581dea4d0d5905a576dd986bb3eb86ad3409045999,18885550200,voice,RETENTION-Q,2026-08-08 02:37:00 UTC,0,0,VOICEMAIL,0
CALL-00000889,CUST-00289,AGT-0009,559231bd04a7166b663623435597025537824069622769fd6625f4547f6676b6,18005551234,chat,BILLING-Q,2026-08-08 02:48:00 UTC,0,0,CALLBACK_SCHEDULED,0
CALL-00000890,CUST-00290,AGT-0010,0244948120a8135ef74f0317ef7dcccefb41e7de1a2238855341457730c7a593,18005555678,callback,TECH-Q,2026-08-08 02:59:00 UTC,817,103,ANSWERED,35
CALL-00000891,CUST-00291,AGT-0011,13b9062ddfceb8871b9860946f80158af1a293482c57cc9e8981715415ae7f5b,18885550100,voice,SALES-Q,2026-08-08 03:10:00 UTC,830,110,ANSWERED,40
CALL-00000892,CUST-00292,AGT-0012,3671eff23e9b17dd9978be9673fee2b20002a548c9e357a3b4176dd17e7da4bf,18885550200,voice,SUPPORT-Q,2026-08-08 03:21:00 UTC,843,117,ANSWERED,45
CALL-00000893,CUST-00293,,a51ad2b9d8246d5791459daae981f0af3379bf65dda21ce6ea15712d55e6649d,18005551234,voice,RETENTION-Q,2026-08-08 03:32:00 UTC,0,0,ABANDONED,0
CALL-00000894,CUST-00294,AGT-0014,6d25245e359bc821748f2920d709808878e7431f494139c618151c6cabbf74b5,18005555678,chat,BILLING-Q,2026-08-08 03:43:00 UTC,869,0,TRANSFER,55
CALL-00000895,CUST-00295,,a21122530b95ced356621ca2e025f4565c159a0224a0d60065d6ee8578fb2d3e,18885550100,callback,TECH-Q,2026-08-08 03:54:00 UTC,0,0,VOICEMAIL,0
CALL-00000896,CUST-00296,AGT-0016,245412a80c12550f4296ff5a82a4cda8c47283dd840e9c75a1069fbe48c6382e,18885550200,voice,SALES-Q,2026-08-08 04:05:00 UTC,0,0,CALLBACK_SCHEDULED,0
CALL-00000897,CUST-00297,AGT-0017,d9906e5ca9ed1cd7474f22cc701e777fe2ceb1347ca2cc24dfee2efef437cdaf,18005551234,voice,SUPPORT-Q,2026-08-08 04:16:00 UTC,908,32,ANSWERED,70
CALL-00000898,CUST-00298,AGT-0018,68b6ec89d4bd5106b54ca6e1477c357eeb05de647c18cb1c3a6089dec106240b,18005555678,voice,RETENTION-Q,2026-08-08 04:27:00 UTC,921,39,ANSWERED,75
CALL-00000899,CUST-00299,AGT-0019,e5f2858056e98e1848630e6f35189081455ba06c3a80e29dd64f1864509cb7a2,18885550100,chat,BILLING-Q,2026-08-08 04:38:00 UTC,934,46,ANSWERED,80
CALL-00000900,CUST-00300,,e0825dc196f1033e614641c5914e887886a31ad606b5e793881de76b4eec9f24,18885550200,callback,TECH-Q,2026-08-08 04:49:00 UTC,0,0,ABANDONED,0
CALL-00000901,CUST-00001,AGT-0021,c3952db80568aca0e753d60bf6ddb929fcbf6e1aca4180dc658bb1b014e3c55d,18005551234,voice,SALES-Q,2026-08-08 05:00:00 UTC,60,0,TRANSFER,0
CALL-00000902,CUST-00002,,9e2ba828107c49d0280b2bdc35d626c8c2a3149bd28e16b02d5b3d5e23b4c909,18005555678,voice,SUPPORT-Q,2026-08-08 05:11:00 UTC,0,0,VOICEMAIL,0
CALL-00000903,CUST-00003,AGT-0023,424a2107fc4054c7c28212713945bcacb5546c5c5a906cdf0553823c3f135abb,18885550100,voice,RETENTION-Q,2026-08-08 05:22:00 UTC,0,0,CALLBACK_SCHEDULED,0
CALL-00000904,CUST-00004,AGT-0024,26b3be062ca6d3b746b65e0da230d2e85411311d5a049958b9df780f7394263a,18885550200,chat,BILLING-Q,2026-08-08 05:33:00 UTC,99,81,ANSWERED,15
CALL-00000905,CUST-00005,AGT-0025,3629b12f01816fd1183b9dacaac1bafc56ab17423871ba00932cb4d3ac2aa774,18005551234,callback,TECH-Q,2026-08-08 05:44:00 UTC,112,88,ANSWERED,20
CALL-00000906,CUST-00006,AGT-0026,dfa77750d66009e662b71bc5c2ab931b1e74a07370d51fed6c50fd2a44d37048,18005555678,voice,SALES-Q,2026-08-08 05:55:00 UTC,125,95,ANSWERED,25
CALL-00000907,CUST-00007,,2bbf53441b301d01500546f1956c7ff9516401bf52a5e6170c575a5c25ea6d5a,18885550100,voice,SUPPORT-Q,2026-08-08 06:06:00 UTC,0,0,ABANDONED,0
CALL-00000908,CUST-00008,AGT-0028,d356507c041c7d75e57127027ea32a344c266a1f343b352518e56e4a6beb77a1,18885550200,voice,RETENTION-Q,2026-08-08 06:17:00 UTC,151,0,TRANSFER,35
CALL-00000909,CUST-00009,,d1e3ad321ba0682009507d3ce4af7aa75ec34beb86a84f2c3c074ef339a5bc35,18005551234,chat,BILLING-Q,2026-08-08 06:28:00 UTC,0,0,VOICEMAIL,0
CALL-00000910,CUST-00010,AGT-0030,3bd1e02410af14544dc8a3fb9e97aa845668f7894c2d04457a44f149fc6ab589,18005555678,callback,TECH-Q,2026-08-08 06:39:00 UTC,0,0,CALLBACK_SCHEDULED,0
CALL-00000911,CUST-00011,AGT-0031,a3f83148121b1d4035e4fec5815d99f83555c408024f0868bc90076f34d807c3,18885550100,voice,SALES-Q,2026-08-08 06:50:00 UTC,190,10,ANSWERED,50
CALL-00000912,CUST-00012,AGT-0032,3b202d5942d06c1154947182bd083802e227b32b760af2fa478df690c4c5900a,18885550200,voice,SUPPORT-Q,2026-08-08 07:01:00 UTC,203,17,ANSWERED,55
CALL-00000913,CUST-00013,AGT-0033,d83da0c0179272fd27b49e06ab02ad5600a99b2093e96e5f216d71cebfe857a2,18005551234,voice,RETENTION-Q,2026-08-08 07:12:00 UTC,216,24,ANSWERED,60
CALL-00000914,CUST-00014,,05e7f638e177c918f747b930ab50ba683b14ad2c282dd999133a5d6323529bd5,18005555678,chat,BILLING-Q,2026-08-08 07:23:00 UTC,0,0,ABANDONED,0
CALL-00000915,CUST-00015,AGT-0035,dca43fa90c46592704377728fa1a35ea04ad390af4592503d0423f2330a2b1c4,18885550100,callback,TECH-Q,2026-08-08 07:34:00 UTC,242,0,TRANSFER,70
CALL-00000916,CUST-00016,,355c3b60dbb64511387274a0e7ed786b00e1e31289e6aef2b4cd89d528fc15d5,18885550200,voice,SALES-Q,2026-08-08 07:45:00 UTC,0,0,VOICEMAIL,0
CALL-00000917,CUST-00017,AGT-0037,d0ff07ee2cccd90a53608069db5d49110d7c1c5f06a421937dc569be6ed570b0,18005551234,voice,SUPPORT-Q,2026-08-08 07:56:00 UTC,0,0,CALLBACK_SCHEDULED,0
CALL-00000918,CUST-00018,AGT-0038,356ddf87f5568e02ff74a0e9f907497640026aa3c260bf5f260300d3fa5d34df,18005555678,voice,RETENTION-Q,2026-08-08 08:07:00 UTC,281,59,ANSWERED,85
CALL-00000919,CUST-00019,AGT-0039,ab6eaf2aa8fcea6f57ab6b85a976bb03921f89a68897c62a879d8b19713e647e,18885550100,chat,BILLING-Q,2026-08-08 08:18:00 UTC,294,66,ANSWERED,0
CALL-00000920,CUST-00020,AGT-0040,c6fa04e793ce519dfac2c3da085864377bc3b2471f94196d0ac91a1013b86a03,18885550200,callback,TECH-Q,2026-08-08 08:29:00 UTC,307,73,ANSWERED,5
CALL-00000921,CUST-00021,,2fa3fb1556f00156c08319fb816be65a8c6784e524d0799ce77164b9a97db4aa,18005551234,voice,SALES-Q,2026-08-08 08:40:00 UTC,0,0,ABANDONED,0
CALL-00000922,CUST-00022,AGT-0002,f523ed57f2f2ea60a768c7e45744db0e3b384a9d24d82337e8e6b350eaaba193,18005555678,voice,SUPPORT-Q,2026-08-08 08:51:00 UTC,333,0,TRANSFER,15
CALL-00000923,CUST-00023,,345ac2d18ad1dd5c61e7bf029b8e13889195f5613d1730677d280928fbcf9a63,18885550100,voice,RETENTION-Q,2026-08-08 09:02:00 UTC,0,0,VOICEMAIL,0
CALL-00000924,CUST-00024,AGT-0004,8081d992594f8a652fc7a4cd2c69f96ce7ec72f70b430f972dd5ed41bba00379,18885550200,chat,BILLING-Q,2026-08-08 09:13:00 UTC,0,0,CALLBACK_SCHEDULED,0
CALL-00000925,CUST-00025,AGT-0005,0c320b915232b52737aaf574f3d421e0e3f2f909a8b172c837b34d9a62089984,18005551234,callback,TECH-Q,2026-08-08 09:24:00 UTC,372,108,ANSWERED,30
CALL-00000926,CUST-00026,AGT-0006,ba05bdfb6c40274b15b1a17286c21d645111bd50403825136f9a13a9ef8dbce5,18005555678,voice,SALES-Q,2026-08-08 09:35:00 UTC,385,115,ANSWERED,35
CALL-00000927,CUST-00027,AGT-0007,8a835b756d8860b66e1b5b4b8aa152b3d95f3c600cc0ef7b702e00e29a79455d,18885550100,voice,SUPPORT-Q,2026-08-08 09:46:00 UTC,398,2,ANSWERED,40
CALL-00000928,CUST-00028,,39d5f0487d0ff89a72d3f958486f2f56bc828daedcf70a2a487ab52e381573fa,18885550200,voice,RETENTION-Q,2026-08-08 09:57:00 UTC,0,0,ABANDONED,0
CALL-00000929,CUST-00029,AGT-0009,62f3e7c1d22228541a2e506d3979023213e206afdd6f30d354da1c6cb6eb891a,18005551234,chat,BILLING-Q,2026-08-08 10:08:00 UTC,424,0,TRANSFER,50
CALL-00000930,CUST-00030,,bfd17a83e72a16397009ed6f7a5a654ac7de390a15b249c8c27df8f6375ef7ca,18005555678,callback,TECH-Q,2026-08-08 10:19:00 UTC,0,0,VOICEMAIL,0
CALL-00000931,CUST-00031,AGT-0011,e29b1d4fec75c82e7099126847bbc312e1af1ff8274f249c4002f4e330dda89c,18885550100,voice,SALES-Q,2026-08-08 10:30:00 UTC,0,0,CALLBACK_SCHEDULED,0
CALL-00000932,CUST-00032,AGT-0012,1821c2b7ca66a7ca7cdad9d0904d45de9dce9f5cfd17ae2b455fc40aa1b1d458,18885550200,voice,SUPPORT-Q,2026-08-08 10:41:00 UTC,463,37,ANSWERED,65
CALL-00000933,CUST-00033,AGT-0013,7576b3375593baf2b63ddb365191ff7500441107b8a2336feda5d0e07855d735,18005551234,voice,RETENTION-Q,2026-08-08 10:52:00 UTC,476,44,ANSWERED,70
CALL-00000934,CUST-00034,AGT-0014,9925d3bad4302b34249ce581a45e9f6c7bde35a3256ce682bad40e387ba32736,18005555678,chat,BILLING-Q,2026-08-08 11:03:00 UTC,489,51,ANSWERED,75
CALL-00000935,CUST-00035,,7ab96ec894d4ffdac522eaeaa9e70b3a07bb8e0ea984b177f73d8df8f10ba16a,18885550100,callback,TECH-Q,2026-08-08 11:14:00 UTC,0,0,ABANDONED,0
CALL-00000936,CUST-00036,AGT-0016,e7f7c1aa5a19b8f395659197473337aa14198e858d7503f3fc014ec863f3a26f,18885550200,voice,SALES-Q,2026-08-08 11:25:00 UTC,515,0,TRANSFER,85
CALL-00000937,CUST-00037,,e2a639e3d77832815ba3b993b6f4e506b26df0bf9620b99da524a5cb2c23a627,18005551234,voice,SUPPORT-Q,2026-08-08 11:36:00 UTC,0,0,VOICEMAIL,0
CALL-00000938,CUST-00038,AGT-0018,872607bd0a389f8d3a0b6754ff27186260001d8bfd2639a1666f8d1926dba558,18005555678,voice,RETENTION-Q,2026-08-08 11:47:00 UTC,0,0,CALLBACK_SCHEDULED,0
CALL-00000939,CUST-00039,AGT-0019,78972703e4e9874ade1573cba33c0d21b1c299d58cb5a5e8ec5063c5aec59adf,18885550100,chat,BILLING-Q,2026-08-08 11:58:00 UTC,554,86,ANSWERED,10
CALL-00000940,CUST-00040,AGT-0020,1f10b007796169dc9109af6b063863c973eccf37389a517397d06f57c3118ff5,18885550200,callback,TECH-Q,2026-08-08 12:09:00 UTC,567,93,ANSWERED,15
CALL-00000941,CUST-00041,AGT-0021,6cca2cbb4ccf4ab6a994a6fd4f6e5de7dadec975d3e4b7b46ede22d55df62622,18005551234,voice,SALES-Q,2026-08-08 12:20:00 UTC,580,100,ANSWERED,20
CALL-00000942,CUST-00042,,054b3b2c536464480456e179ae167492161f204ab6a46e421916786341ff9df9,18005555678,voice,SUPPORT-Q,2026-08-08 12:31:00 UTC,0,0,ABANDONED,0
CALL-00000943,CUST-00043,AGT-0023,70cafb7c0a669c22a6c5ed5ff20167e27b75d5c57292b731c3cae62149facedb,18885550100,voice,RETENTION-Q,2026-08-08 12:42:00 UTC,606,0,TRANSFER,30
CALL-00000944,CUST-00044,,ce6ed645c556b73eae34dee59640cc0984bc67eea6e1ed99e5d59749e66c8c94,18885550200,chat,BILLING-Q,2026-08-08 12:53:00 UTC,0,0,VOICEMAIL,0
CALL-00000945,CUST-00045,AGT-0025,5c75e54b24b3ca106197b1e711dcdd04c998282f383b56410aaf23f143937964,18005551234,callback,TECH-Q,2026-08-08 13:04:00 UTC,0,0,CALLBACK_SCHEDULED,0
CALL-00000946,CUST-00046,AGT-0026,9e49958c44b14f1ef7a8a971e9640a0c1fa071c93d6f7ce9677bea0c3df53963,18005555678,voice,SALES-Q,2026-08-08 13:15:00 UTC,645,15,ANSWERED,45
CALL-00000947,CUST-00047,AGT-0027,987358fd03844b8ba9aa1486ac8eadbc13640154dc411c01c7f363c4e1c4a75a,18885550100,voice,SUPPORT-Q,2026-08-08 13:26:00 UTC,658,22,ANSWERED,50
CALL-00000948,CUST-00048,AGT-0028,e8d95c30acd0419ea001f05fbfc0801b71b116b3e7d168f5f500d07572b10fb7,18885550200,voice,RETENTION-Q,2026-08-08 13:37:00 UTC,671,29,ANSWERED,55
CALL-00000949,CUST-00049,,363e08fc36fccf05095a281c211a0a3c88bcbea627b7a90728cb250754efadb6,18005551234,chat,BILLING-Q,2026-08-08 13:48:00 UTC,0,0,ABANDONED,0
CALL-00000950,CUST-00050,AGT-0030,cfbcff019152aa35dbc7323a911ae1c60b14fd793487cf3cbaed81e26d92e6bb,18005555678,callback,TECH-Q,2026-08-08 13:59:00 UTC,697,0,TRANSFER,65
CALL-00000951,CUST-00051,,6d0412da75f8786e6ea6ad1e0900b39efa177574459e31d82ed0e8ce79516057,18885550100,voice,SALES-Q,2026-08-08 14:10:00 UTC,0,0,VOICEMAIL,0
CALL-00000952,CUST-00052,AGT-0032,455439620ea5ca2164638675d91650f3e1638a11e199c2dcb1090c495aa4f398,18885550200,voice,SUPPORT-Q,2026-08-08 14:21:00 UTC,0,0,CALLBACK_SCHEDULED,0
CALL-00000953,CUST-00053,AGT-0033,50eff2815503600f73fb171ce27b3f2ed3b714bda0ee597a73bca527324e9015,18005551234,voice,RETENTION-Q,2026-08-08 14:32:00 UTC,736,64,ANSWERED,80
CALL-00000954,CUST-00054,AGT-0034,186e6192e1b4ffa6e44628dc6430ed865c4b721c3eee1e4fc11d1e4912dab4f0,18005555678,chat,BILLING-Q,2026-08-08 14:43:00 UTC,749,71,ANSWERED,85
CALL-00000955,CUST-00055,AGT-0035,83846af26f416001c890d1511d79d5f6dfea31a26f9877916af1671c4b31996f,18885550100,callback,TECH-Q,2026-08-08 14:54:00 UTC,762,78,ANSWERED,0
CALL-00000956,CUST-00056,,b158ad8379de5a04fdc3de85d61f6ba67221f5ddd6c232d3d1820082907dddba,18885550200,voice,SALES-Q,2026-08-08 15:05:00 UTC,0,0,ABANDONED,0
CALL-00000957,CUST-00057,AGT-0037,62c4d8ffd6b29eaddb8c9edce3987703b33e5c644a3120d98f7ad4c02e89699f,18005551234,voice,SUPPORT-Q,2026-08-08 15:16:00 UTC,788,0,TRANSFER,10
CALL-00000958,CUST-00058,,7b9f00ce17b5a81c4f9e44c574710b9567b0a7589ebc01925e2233fb7e8c672e,18005555678,voice,RETENTION-Q,2026-08-08 15:27:00 UTC,0,0,VOICEMAIL,0
CALL-00000959,CUST-00059,AGT-0039,9712a02ccae68c41f24be89c93ab0d5831c10d66e0a0d962a8b9e64ade2c1399,18885550100,chat,BILLING-Q,2026-08-08 15:38:00 UTC,0,0,CALLBACK_SCHEDULED,0
CALL-00000960,CUST-00060,AGT-0040,4f7e3daa6694654a0f721b3322dddac63889ae0e62282d3b8af5b9a11a638ec4,18885550200,callback,TECH-Q,2026-08-08 15:49:00 UTC,827,113,ANSWERED,25
CALL-00000961,CUST-00061,AGT-0001,b5909db0425f24917a4db86fe340c042f420a4d5a376faa035fdb141ef2adca2,18005551234,voice,SALES-Q,2026-08-08 16:00:00 UTC,840,0,ANSWERED,30
CALL-00000962,CUST-00062,AGT-0002,6cee6cacf44656dc0d645526ac219ff7f16d19c7add26fc3818f54f98c384a72,18005555678,voice,SUPPORT-Q,2026-08-08 16:11:00 UTC,853,7,ANSWERED,35
CALL-00000963,CUST-00063,,14e8b70d8a8cc00e9a8f95c7c2987df6a1d14d6f7ff45cc39211bea8638123e1,18885550100,voice,RETENTION-Q,2026-08-08 16:22:00 UTC,0,0,ABANDONED,0
CALL-00000964,CUST-00064,AGT-0004,68fb42e3e395dec7ff3808012a3095c4bb544e0ba83d07e1b34e1c6081a581d1,18885550200,chat,BILLING-Q,2026-08-08 16:33:00 UTC,879,0,TRANSFER,45
CALL-00000965,CUST-00065,,a26b38b1891c453aa9cdb65f7745b644230d3fb7cdd0efc1cc308dc98d3eb03b,18005551234,callback,TECH-Q,2026-08-08 16:44:00 UTC,0,0,VOICEMAIL,0
CALL-00000966,CUST-00066,AGT-0006,1bb89bd4dd7157528285dfbc717e02c1a09598a7a017ad58c68dd1599ad25b77,18005555678,voice,SALES-Q,2026-08-08 16:55:00 UTC,0,0,CALLBACK_SCHEDULED,0
CALL-00000967,CUST-00067,AGT-0007,176df913ce156b1e03fbea7548a8e0c92abf3db7c5a8d716c223c8ea96347c96,18885550100,voice,SUPPORT-Q,2026-08-08 17:06:00 UTC,918,42,ANSWERED,60
CALL-00000968,CUST-00068,AGT-0008,0bfd1bdf2379391e9bce4a8e9c8e89e2d70d98be35408db24b0d152a7749dd78,18885550200,voice,RETENTION-Q,2026-08-08 17:17:00 UTC,931,49,ANSWERED,65
CALL-00000969,CUST-00069,AGT-0009,eb8871d1e525ec16aa6e0ee55913896b5cc84e26b278b1cd8c09766b0833729c,18005551234,chat,BILLING-Q,2026-08-08 17:28:00 UTC,944,56,ANSWERED,70
CALL-00000970,CUST-00070,,80518fdd63ce3ef105e500c97a874e7ba17f69e77bf9378c012acd68994b0c40,18005555678,callback,TECH-Q,2026-08-08 17:39:00 UTC,0,0,ABANDONED,0
CALL-00000971,CUST-00071,AGT-0011,79e06febd283750c7f22a0067241f7c79d8cf06376c0f8b75d05aa116e2de68b,18885550100,voice,SALES-Q,2026-08-08 17:50:00 UTC,70,0,TRANSFER,80
CALL-00000972,CUST-00072,,3d4d1e401367e348633f819504008caec891d46138a8480a8205044f821f2e59,18885550200,voice,SUPPORT-Q,2026-08-08 18:01:00 UTC,0,0,VOICEMAIL,0
CALL-00000973,CUST-00073,AGT-0013,89493d2ed5a91e4117640886430404ecc8c5cecb8cf69529a91951692613e164,18005551234,voice,RETENTION-Q,2026-08-08 18:12:00 UTC,0,0,CALLBACK_SCHEDULED,0
CALL-00000974,CUST-00074,AGT-0014,bab4ee3120172d5df113068239952d8945cd22a4e5e5fb3ec73a3d0100d7962c,18005555678,chat,BILLING-Q,2026-08-08 18:23:00 UTC,109,91,ANSWERED,5
CALL-00000975,CUST-00075,AGT-0015,6cccb893d766cb16d4921205d78dcc4dc462ea7873595d4758cacace27c4af79,18885550100,callback,TECH-Q,2026-08-08 18:34:00 UTC,122,98,ANSWERED,10
CALL-00000976,CUST-00076,AGT-0016,a0436f30857cbf71a73d95be6219c6eaf73df551c97b69edd5097696e7f18d98,18885550200,voice,SALES-Q,2026-08-08 18:45:00 UTC,135,105,ANSWERED,15
CALL-00000977,CUST-00077,,e5d75533411c88da33c55d12326335a0041466ef45f12700db08e83318d41e04,18005551234,voice,SUPPORT-Q,2026-08-08 18:56:00 UTC,0,0,ABANDONED,0
CALL-00000978,CUST-00078,AGT-0018,69dbcf05d1d06b7b5eac5c97d4b9835cc8d82ea01a8fc5aee88b402307fe683a,18005555678,voice,RETENTION-Q,2026-08-08 19:07:00 UTC,161,0,TRANSFER,25
CALL-00000979,CUST-00079,,42a83b9be1b8aab9eeea1a57f395fb0b83de2eceabc6c23e493af4507df4910c,18885550100,chat,BILLING-Q,2026-08-08 19:18:00 UTC,0,0,VOICEMAIL,0
CALL-00000980,CUST-00080,AGT-0020,31ec50b9fe7febf3adc5b0795761f521e11a6cc169b858e4b41cbdb0d6d30d9e,18885550200,callback,TECH-Q,2026-08-08 19:29:00 UTC,0,0,CALLBACK_SCHEDULED,0
CALL-00000981,CUST-00081,AGT-0021,114a2d1f5a73ea2620f3a0079fd53ce988ee9e7024096240533e8ec807189b1b,18005551234,voice,SALES-Q,2026-08-08 19:40:00 UTC,200,20,ANSWERED,40
CALL-00000982,CUST-00082,AGT-0022,14b42634fd66e262dff8fcbd8d3428e18b197cc495344aa438845d581726c95f,18005555678,voice,SUPPORT-Q,2026-08-08 19:51:00 UTC,213,27,ANSWERED,45
CALL-00000983,CUST-00083,AGT-0023,33c3b8c437c0b3d91f3d3a943b74ca8ff96b214dca885c7c530137fb61f9044e,18885550100,voice,RETENTION-Q,2026-08-08 20:02:00 UTC,226,34,ANSWERED,50
CALL-00000984,CUST-00084,,044351860f9b01b2ba3e99c890dad32a6854cc952ce4ab171cc7ec2a5a0bf7e8,18885550200,chat,BILLING-Q,2026-08-08 20:13:00 UTC,0,0,ABANDONED,0
CALL-00000985,CUST-00085,AGT-0025,3bc9065e9b856579c9a23555cceb6e44632c0f2ff0468081a5fd1ab022f4bc84,18005551234,callback,TECH-Q,2026-08-08 20:24:00 UTC,252,0,TRANSFER,60
CALL-00000986,CUST-00086,,7543caeb929b1d17d24a8be3b17e9b5a1d04003e00c9a0c6b497edce19b5589e,18005555678,voice,SALES-Q,2026-08-08 20:35:00 UTC,0,0,VOICEMAIL,0
CALL-00000987,CUST-00087,AGT-0027,fd0546bc5b8164b649ca77d279b7489e48881fbbc798c21250437c512e9bd28c,18885550100,voice,SUPPORT-Q,2026-08-08 20:46:00 UTC,0,0,CALLBACK_SCHEDULED,0
CALL-00000988,CUST-00088,AGT-0028,02f87681bb638837c7da95d8b2c1c30f518009f0388cf04b60e8f187f2b9de37,18885550200,voice,RETENTION-Q,2026-08-08 20:57:00 UTC,291,69,ANSWERED,75
CALL-00000989,CUST-00089,AGT-0029,0bee2b619d273af9cc8c6d89f7ab5e980bcfca6096e0257fdfbd081960824b0d,18005551234,chat,BILLING-Q,2026-08-08 21:08:00 UTC,304,76,ANSWERED,80
CALL-00000990,CUST-00090,AGT-0030,568da05acddebbe00cdacba0faf9d568fc878498e2beee4d674702dfdc5aea1c,18005555678,callback,TECH-Q,2026-08-08 21:19:00 UTC,317,83,ANSWERED,85
CALL-00000991,CUST-00091,,1c787cd8a928f7cd77e6d7fcc180380032924a2321ba2ef326d8a9b8fafb9685,18885550100,voice,SALES-Q,2026-08-08 21:30:00 UTC,0,0,ABANDONED,0
CALL-00000992,CUST-00092,AGT-0032,5d4931dd3c154dbb8d93ce3b006077d8e7e1ffc2ecfc3e8a8c33622f81643369,18885550200,voice,SUPPORT-Q,2026-08-08 21:41:00 UTC,343,0,TRANSFER,5
CALL-00000993,CUST-00093,,8635fd4c4087d5d69a80d64a6a000058f0cb6094215725a6f951e42f58f1cea4,18005551234,voice,RETENTION-Q,2026-08-08 21:52:00 UTC,0,0,VOICEMAIL,0
CALL-00000994,CUST-00094,AGT-0034,3c4d8ec720c9723d1caf6eb92d5a03b465866e906f42d5e97aec6622b5c5af39,18005555678,chat,BILLING-Q,2026-08-08 22:03:00 UTC,0,0,CALLBACK_SCHEDULED,0
CALL-00000995,CUST-00095,AGT-0035,6d10868e12138e653b9885d3a0ca8094474d2c45af6f8de19c035362f5501097,18885550100,callback,TECH-Q,2026-08-08 22:14:00 UTC,382,118,ANSWERED,20
CALL-00000996,CUST-00096,AGT-0036,44d06f87cb887147a2645c1f840dd65000a11501076fc4911bfc65d91f21cf2c,18885550200,voice,SALES-Q,2026-08-08 22:25:00 UTC,395,5,ANSWERED,25
CALL-00000997,CUST-00097,AGT-0037,47d3bf9999f2a4a4bfc2d395347227236249610b9f999c2f983b06272c4d488b,18005551234,voice,SUPPORT-Q,2026-08-08 22:36:00 UTC,408,12,ANSWERED,30
CALL-00000998,CUST-00098,,90b7d6b476a0f2765a15d9c1e3120870a3f91d26a5c40ddcd5d328de8673c599,18005555678,voice,RETENTION-Q,2026-08-08 22:47:00 UTC,0,0,ABANDONED,0
CALL-00000999,CUST-00099,AGT-0039,14f2a78d721dc637d56c960ec430954c2d1d79878bbd31e34956785a061bbc70,18885550100,chat,BILLING-Q,2026-08-08 22:58:00 UTC,434,0,TRANSFER,40
CALL-00001000,CUST-00100,,4cf543827aa0caef7a686ae5a5e5d8d11ce953ed6c38f0d49bbcc91d7f0d1435,18885550200,callback,TECH-Q,2026-08-08 23:09:00 UTC,0,0,VOICEMAIL,0
CALL-00001001,CUST-00101,AGT-0001,1e7f68c1cc6a54985199cda0a46a6e01cd080d8338f3196eac99abc205c5fcb1,18005551234,voice,SALES-Q,2026-08-08 23:20:00 UTC,0,0,CALLBACK_SCHEDULED,0
CALL-00001002,CUST-00102,AGT-0002,3c56fb3b60ab7d823f1f9a3d9d05d5ce0d5c4476b02d70589b1e7db253aa296d,18005555678,voice,SUPPORT-Q,2026-08-08 23:31:00 UTC,473,47,ANSWERED,55
CALL-00001003,CUST-00103,AGT-0003,20c36f29772a1b385e1b3c22345e08141c54f2472cc3b1d2c00c24950ed82ae1,18885550100,voice,RETENTION-Q,2026-08-08 23:42:00 UTC,486,54,ANSWERED,60
CALL-00001004,CUST-00104,AGT-0004,d8fae74594dab69275fee48bb91bddd0af86d9d0af0ffbf4b95ce9140b3e6499,18885550200,chat,BILLING-Q,2026-08-08 23:53:00 UTC,499,61,ANSWERED,65
CALL-00001005,CUST-00105,,4ae1d9eca5e30fb0d7c06401efef4e1224b663485869af2a07a577d991ea4376,18005551234,callback,TECH-Q,2026-08-09 00:04:00 UTC,0,0,ABANDONED,0
CALL-00001006,CUST-00106,AGT-0006,11d501a25be9c5b247fd815c21ea9d5ad07ed247a38a199a9daf27641a8faff5,18005555678,voice,SALES-Q,2026-08-09 00:15:00 UTC,525,0,TRANSFER,75
CALL-00001007,CUST-00107,,b5b1518da40f0a97ed274634165195b8fbcfdbb7f5a3c0758bcb0aa3a5df457b,18885550100,voice,SUPPORT-Q,2026-08-09 00:26:00 UTC,0,0,VOICEMAIL,0
CALL-00001008,CUST-00108,AGT-0008,703b81b5d16ca7d8d0f4cd34bb0e6198c334a985aa1b70246feeae0bbed2a172,18885550200,voice,RETENTION-Q,2026-08-09 00:37:00 UTC,0,0,CALLBACK_SCHEDULED,0
CALL-00001009,CUST-00109,AGT-0009,4e152737da2c4553336299d28b0c56bbfd4a05ec755a26d13ea1e073dac7a5aa,18005551234,chat,BILLING-Q,2026-08-09 00:48:00 UTC,564,96,ANSWERED,0
CALL-00001010,CUST-00110,AGT-0010,668c92d877028ac55b3614325afa4aa0d753aaccc3a40d198373f6091d62ac79,18005555678,callback,TECH-Q,2026-08-09 00:59:00 UTC,577,103,ANSWERED,5
CALL-00001011,CUST-00111,AGT-0011,63f0c6a372a01e28bf8551a07d54979fe934eb5fb83d5e6df0c6833d617d1e36,18885550100,voice,SALES-Q,2026-08-09 01:10:00 UTC,590,110,ANSWERED,10
CALL-00001012,CUST-00112,,7c57d7aceda590b92c77e88b8add4ae5fc11b265a5bf41896496e0d0a7e22323,18885550200,voice,SUPPORT-Q,2026-08-09 01:21:00 UTC,0,0,ABANDONED,0
CALL-00001013,CUST-00113,AGT-0013,6292b6f02fd5b338f1f00a65a91ebcd9a228ff3d9b28496e6ff005931e38ed0a,18005551234,voice,RETENTION-Q,2026-08-09 01:32:00 UTC,616,0,TRANSFER,20
CALL-00001014,CUST-00114,,12ef47aa1e63ab1d2e5b4c854c37d77e27af442e099cecba71313a85207233ac,18005555678,chat,BILLING-Q,2026-08-09 01:43:00 UTC,0,0,VOICEMAIL,0
CALL-00001015,CUST-00115,AGT-0015,d13027925c0d177f4b109aef253a8353feb1ccd5e8452f4aab045a5906141d8c,18885550100,callback,TECH-Q,2026-08-09 01:54:00 UTC,0,0,CALLBACK_SCHEDULED,0
CALL-00001016,CUST-00116,AGT-0016,51282f84e4a506f5136b565e23001ac015bb6c5ce78a00ebe21d7d575dec6e17,18885550200,voice,SALES-Q,2026-08-09 02:05:00 UTC,655,25,ANSWERED,35
CALL-00001017,CUST-00117,AGT-0017,71d9d6d5009e6ff2ead9205c424f1dc51f45b3a1e935acd86beb4198daefdf6d,18005551234,voice,SUPPORT-Q,2026-08-09 02:16:00 UTC,668,32,ANSWERED,40
CALL-00001018,CUST-00118,AGT-0018,6d1805308d01a6635797e6703124108eb4fa2d546e2a65cc541f37049d0e0b49,18005555678,voice,RETENTION-Q,2026-08-09 02:27:00 UTC,681,39,ANSWERED,45
CALL-00001019,CUST-00119,,76f654195ec5b099aec6609173edf22f04a4798f738d9c9981312389f5b1601b,18885550100,chat,BILLING-Q,2026-08-09 02:38:00 UTC,0,0,ABANDONED,0
CALL-00001020,CUST-00120,AGT-0020,14d032b9cd94158ac16ebe90147dd6e94e1b40dea618193a855dff84f817dadd,18885550200,callback,TECH-Q,2026-08-09 02:49:00 UTC,707,0,TRANSFER,55
CALL-00001021,CUST-00121,,25f5aa8e54935a3c5b783a148f48bd2a5c3554d64cc6c997070502951889da9d,18005551234,voice,SALES-Q,2026-08-09 03:00:00 UTC,0,0,VOICEMAIL,0
CALL-00001022,CUST-00122,AGT-0022,6ab199ccd7a00dfed63989d10890183a29d5a775f2f41992eaa805a901f57073,18005555678,voice,SUPPORT-Q,2026-08-09 03:11:00 UTC,0,0,CALLBACK_SCHEDULED,0
CALL-00001023,CUST-00123,AGT-0023,7ea25f37f3068141844dfdb4a5b98da37e67b150b54a18e0f3d56637b5141d56,18885550100,voice,RETENTION-Q,2026-08-09 03:22:00 UTC,746,74,ANSWERED,70
CALL-00001024,CUST-00124,AGT-0024,14ab9e0c99e4214d78a008bc4e25e9b36d0dbaa58628227f36b3ea37dc3d200b,18885550200,chat,BILLING-Q,2026-08-09 03:33:00 UTC,759,81,ANSWERED,75
CALL-00001025,CUST-00125,AGT-0025,7179e4ca3fa7c9a914a1afbf918aa71cda1f55c6ba1c70792cb7b6dc77373634,18005551234,callback,TECH-Q,2026-08-09 03:44:00 UTC,772,88,ANSWERED,80
CALL-00001026,CUST-00126,,b2e1f7c6a8bdd8bae7bbe211643c7c9d177641bf59fe36d67c5c90a2d0cd535f,18005555678,voice,SALES-Q,2026-08-09 03:55:00 UTC,0,0,ABANDONED,0
CALL-00001027,CUST-00127,AGT-0027,b035bf3baf62daf61f579840c9ab35e504bdbdd87f6a0f6747154db4bfe93109,18885550100,voice,SUPPORT-Q,2026-08-09 04:06:00 UTC,798,0,TRANSFER,0
CALL-00001028,CUST-00128,,a1725730f48161cc5f67b1dd2a39f64ca400c0ba7d9ffb8899e53e2c9771c71d,18885550200,voice,RETENTION-Q,2026-08-09 04:17:00 UTC,0,0,VOICEMAIL,0
CALL-00001029,CUST-00129,AGT-0029,6a35a2649e5542b146c479fb87debed4ffb14ebdf29636a1d92a0f1c7e89904d,18005551234,chat,BILLING-Q,2026-08-09 04:28:00 UTC,0,0,CALLBACK_SCHEDULED,0
CALL-00001030,CUST-00130,AGT-0030,fd67643fbf65e831445afebf04414f7dd5df93c2862324f4b89f6bb0a187f833,18005555678,callback,TECH-Q,2026-08-09 04:39:00 UTC,837,3,ANSWERED,15
CALL-00001031,CUST-00131,AGT-0031,8c3a1dc1293fcf91217325ec6f4f388259468a660dc24594c81b307e997bd254,18885550100,voice,SALES-Q,2026-08-09 04:50:00 UTC,850,10,ANSWERED,20
CALL-00001032,CUST-00132,AGT-0032,694c8bae7d5e89ea44d5a52a0a491245c2d340f925f0c6c1ec3180eca9d9c6f2,18885550200,voice,SUPPORT-Q,2026-08-09 05:01:00 UTC,863,17,ANSWERED,25
CALL-00001033,CUST-00133,,e0e154dc8bc7c46b34f32504ee96355071f8c570e63d502f5f002dbde3a43ac1,18005551234,voice,RETENTION-Q,2026-08-09 05:12:00 UTC,0,0,ABANDONED,0
CALL-00001034,CUST-00134,AGT-0034,b7f6c24bc5aef188aee4da18b18a0e53d0de041f548d1945e9206ba77e300ccc,18005555678,chat,BILLING-Q,2026-08-09 05:23:00 UTC,889,0,TRANSFER,35
CALL-00001035,CUST-00135,,39478e83360f9cabfa301575378afc687948b550e459c98a6f994cce2d95bd7a,18885550100,callback,TECH-Q,2026-08-09 05:34:00 UTC,0,0,VOICEMAIL,0
CALL-00001036,CUST-00136,AGT-0036,30f5dfaf440121fcf02042bb971cdfafab826db7dc54cb2ac91cd3258a085f42,18885550200,voice,SALES-Q,2026-08-09 05:45:00 UTC,0,0,CALLBACK_SCHEDULED,0
CALL-00001037,CUST-00137,AGT-0037,ceb52eec92d4ca3ff686dc76a6958a7e75712896397d9a98943504615ee3dd40,18005551234,voice,SUPPORT-Q,2026-08-09 05:56:00 UTC,928,52,ANSWERED,50
CALL-00001038,CUST-00138,AGT-0038,bb6bf321d632bb90b3b527f7330c1e28d6471a162f8ec8d432d694c9805bf158,18005555678,voice,RETENTION-Q,2026-08-09 06:07:00 UTC,941,59,ANSWERED,55
CALL-00001039,CUST-00139,AGT-0039,df9455a9cdd674c585bac04b9f3d5fd7507b89cbac0ba6ac99562bb7c4b55fca,18885550100,chat,BILLING-Q,2026-08-09 06:18:00 UTC,954,66,ANSWERED,60
CALL-00001040,CUST-00140,,f679dc4fc0ffc7eb7343d8b9ede0083b875347ea44f34287cfde9c3377378f9b,18885550200,callback,TECH-Q,2026-08-09 06:29:00 UTC,0,0,ABANDONED,0
CALL-00001041,CUST-00141,AGT-0001,f64c306353bcf3e2f5238e605b536c4d51ec1bf3481f64356fe7c52cd216b05e,18005551234,voice,SALES-Q,2026-08-09 06:40:00 UTC,80,0,TRANSFER,70
CALL-00001042,CUST-00142,,bcc0ffed783b03d9ad67b34d15269b91c12820c12ec00978676cb9756fc4c7ce,18005555678,voice,SUPPORT-Q,2026-08-09 06:51:00 UTC,0,0,VOICEMAIL,0
CALL-00001043,CUST-00143,AGT-0003,14796642728188a3b334e53900facc2ee059e1e392ada21b973df0f1cf9b214c,18885550100,voice,RETENTION-Q,2026-08-09 07:02:00 UTC,0,0,CALLBACK_SCHEDULED,0
CALL-00001044,CUST-00144,AGT-0004,b3d82f9820ab759499c4c2f2cc9cd22b5a57e99e2a10fa67e69e5aad48eaca38,18885550200,chat,BILLING-Q,2026-08-09 07:13:00 UTC,119,101,ANSWERED,85
CALL-00001045,CUST-00145,AGT-0005,7cf14025121edf0cfc830ab45bce3772c23a4bcc2dcf8140f2599af2b68f5918,18005551234,callback,TECH-Q,2026-08-09 07:24:00 UTC,132,108,ANSWERED,0
CALL-00001046,CUST-00146,AGT-0006,9d2834c9f62ca6c708b5ed14f5ba04896ec043d5b95bd5830f99e5a1996b6ecb,18005555678,voice,SALES-Q,2026-08-09 07:35:00 UTC,145,115,ANSWERED,5
CALL-00001047,CUST-00147,,1e978321a4437c85f1184049a5884fd2184d221927073ea04439d2e357d25853,18885550100,voice,SUPPORT-Q,2026-08-09 07:46:00 UTC,0,0,ABANDONED,0
CALL-00001048,CUST-00148,AGT-0008,ceee1f2c465721347ca9445296abf1ec4df723906f129d2423c18442a432782d,18885550200,voice,RETENTION-Q,2026-08-09 07:57:00 UTC,171,0,TRANSFER,15
CALL-00001049,CUST-00149,,a62b7b7d75a7929d276f216ebe7596e2c18a21773b0695bff7167562aaa4a596,18005551234,chat,BILLING-Q,2026-08-09 08:08:00 UTC,0,0,VOICEMAIL,0
CALL-00001050,CUST-00150,AGT-0010,678200cf1009c2ce1d022393e787f5b82106ed621a8a886e35360440645beffa,18005555678,callback,TECH-Q,2026-08-09 08:19:00 UTC,0,0,CALLBACK_SCHEDULED,0
CALL-00001051,CUST-00151,AGT-0011,6dc9a3ea9fe1c646a8658436b91fb5d13d71b0eeb81838052426d0efb6181498,18885550100,voice,SALES-Q,2026-08-09 08:30:00 UTC,210,30,ANSWERED,30
CALL-00001052,CUST-00152,AGT-0012,41321dd9057c2e17d327ff6848ae6f6e7c4c41627c55243ba3971ccf53ed0f59,18885550200,voice,SUPPORT-Q,2026-08-09 08:41:00 UTC,223,37,ANSWERED,35
CALL-00001053,CUST-00153,AGT-0013,2c2c07ea9858105188d7cacabbc33cbd0d136b871740a2393eaf18ccfda5ab89,18005551234,voice,RETENTION-Q,2026-08-09 08:52:00 UTC,236,44,ANSWERED,40
CALL-00001054,CUST-00154,,6c1a788fa3d46d7399a01e2690e2dda5a250ee85931a610029062c75c87920aa,18005555678,chat,BILLING-Q,2026-08-09 09:03:00 UTC,0,0,ABANDONED,0
CALL-00001055,CUST-00155,AGT-0015,ce0c2e447ad8bd6286d7f11fc1b1e9361dfc96435c096686ddf283e33c01802a,18885550100,callback,TECH-Q,2026-08-09 09:14:00 UTC,262,0,TRANSFER,50
CALL-00001056,CUST-00156,,e6d09c36efe7ae8051cdcefad772f02a51fd837f4c37d423bc52e3bc76dd6a73,18885550200,voice,SALES-Q,2026-08-09 09:25:00 UTC,0,0,VOICEMAIL,0
CALL-00001057,CUST-00157,AGT-0017,bfc7dc2436c4b022292ebbc12e5ed13fe672bc553aba2b7593283f8dd611550b,18005551234,voice,SUPPORT-Q,2026-08-09 09:36:00 UTC,0,0,CALLBACK_SCHEDULED,0
CALL-00001058,CUST-00158,AGT-0018,4cd09be548faeb7d448de63ba2c12c03b8cb010e8fb519becbdd18d36879ad3f,18005555678,voice,RETENTION-Q,2026-08-09 09:47:00 UTC,301,79,ANSWERED,65
CALL-00001059,CUST-00159,AGT-0019,63f089bf0f021a97d736c788004d8ad69ad777de123bdd872e2ca434834643f5,18885550100,chat,BILLING-Q,2026-08-09 09:58:00 UTC,314,86,ANSWERED,70
CALL-00001060,CUST-00160,AGT-0020,a128000b6358eed83d6619d2cf7152b3bfde2f823c86a9d3577fee38b464fb55,18885550200,callback,TECH-Q,2026-08-09 10:09:00 UTC,327,93,ANSWERED,75
CALL-00001061,CUST-00161,,7130be3c5628e69078cab05a928fac86f5a2a6d4beee605573ef20d126d7ffef,18005551234,voice,SALES-Q,2026-08-09 10:20:00 UTC,0,0,ABANDONED,0
CALL-00001062,CUST-00162,AGT-0022,9a39c8d2935c9508b257063500ff58ee47b9e548be8d0c46f433473f28ec40c9,18005555678,voice,SUPPORT-Q,2026-08-09 10:31:00 UTC,353,0,TRANSFER,85
CALL-00001063,CUST-00163,,3d925cc937e7d5e1757cab58bf310a6b5e42a8114482113bd96ac74bfbd7a632,18885550100,voice,RETENTION-Q,2026-08-09 10:42:00 UTC,0,0,VOICEMAIL,0
CALL-00001064,CUST-00164,AGT-0024,eb9d34d66931d4b6bb90d93db63a7ea52810c57cb882c343ecbd31141209efa7,18885550200,chat,BILLING-Q,2026-08-09 10:53:00 UTC,0,0,CALLBACK_SCHEDULED,0
CALL-00001065,CUST-00165,AGT-0025,59b78b918a345062ed7d8a34c8fd329f8dba55fab9663487abd028b041788526,18005551234,callback,TECH-Q,2026-08-09 11:04:00 UTC,392,8,ANSWERED,10
CALL-00001066,CUST-00166,AGT-0026,e4bdd5d124981c4ce66b300b7783a78fc2dd6a1ff33b157fc5ff9e34207d3dec,18005555678,voice,SALES-Q,2026-08-09 11:15:00 UTC,405,15,ANSWERED,15
CALL-00001067,CUST-00167,AGT-0027,30802502f05ab3196ec462c91d71469e444ad37e7d2bac0527b023a61935f567,18885550100,voice,SUPPORT-Q,2026-08-09 11:26:00 UTC,418,22,ANSWERED,20
CALL-00001068,CUST-00168,,db05e13ddf092c608453ad42d0af71726d39da80fa23d7a98265080cee947854,18885550200,voice,RETENTION-Q,2026-08-09 11:37:00 UTC,0,0,ABANDONED,0
CALL-00001069,CUST-00169,AGT-0029,673736fc1930a0a3b67d8d569fc58a46b45405e29d360073e9613372547a29ea,18005551234,chat,BILLING-Q,2026-08-09 11:48:00 UTC,444,0,TRANSFER,30
CALL-00001070,CUST-00170,,e85a8128dc7dae696d90b174b4cc1bbda42775679f593fa02bc681bd9fe327fe,18005555678,callback,TECH-Q,2026-08-09 11:59:00 UTC,0,0,VOICEMAIL,0
CALL-00001071,CUST-00171,AGT-0031,177a11b3f8293bba913503b4ee39d36599f523d5429aaa11b3781c7badb01152,18885550100,voice,SALES-Q,2026-08-09 12:10:00 UTC,0,0,CALLBACK_SCHEDULED,0
CALL-00001072,CUST-00172,AGT-0032,a58311d414043d4ce34c9471552fa7d1f5db2d751c41c29320acb2213d6a2525,18885550200,voice,SUPPORT-Q,2026-08-09 12:21:00 UTC,483,57,ANSWERED,45
CALL-00001073,CUST-00173,AGT-0033,0521475d639d7bf207f03c175b7e3d8b29d0d6d1ef9e55661fa5ec3e6cb86f65,18005551234,voice,RETENTION-Q,2026-08-09 12:32:00 UTC,496,64,ANSWERED,50
CALL-00001074,CUST-00174,AGT-0034,d9b0cec11a763f1aa4f76c5f5de885f78eea1c593f6eeb430acb076872c6da03,18005555678,chat,BILLING-Q,2026-08-09 12:43:00 UTC,509,71,ANSWERED,55
CALL-00001075,CUST-00175,,8584232b6defc9162d0119c688a1fa92e21c5d0a02dc6a5a15808899adf8c92c,18885550100,callback,TECH-Q,2026-08-09 12:54:00 UTC,0,0,ABANDONED,0
CALL-00001076,CUST-00176,AGT-0036,8f00209717489a427e42bcab206e7322d0ba583b59592ae7bd28dad22a840d24,18885550200,voice,SALES-Q,2026-08-09 13:05:00 UTC,535,0,TRANSFER,65
CALL-00001077,CUST-00177,,693db67062b1702f98b8fea864136d54b8838790b4ae2831223bdc1bcbc9cfe4,18005551234,voice,SUPPORT-Q,2026-08-09 13:16:00 UTC,0,0,VOICEMAIL,0
CALL-00001078,CUST-00178,AGT-0038,72174101f23f790a0cfd6c414858cc2e5b91b2413160dcf74604e191bad211d5,18005555678,voice,RETENTION-Q,2026-08-09 13:27:00 UTC,0,0,CALLBACK_SCHEDULED,0
CALL-00001079,CUST-00179,AGT-0039,827c6ae05a57be5f0c8e73c95d78ccdb1f442ab8cf65798aa3711c3a7e93a2f5,18885550100,chat,BILLING-Q,2026-08-09 13:38:00 UTC,574,106,ANSWERED,80
CALL-00001080,CUST-00180,AGT-0040,26c01ce0dc7a5e1fcb0a6b6bfed595286fd4693e2a32c8111903c0b248d6bac8,18885550200,callback,TECH-Q,2026-08-09 13:49:00 UTC,587,113,ANSWERED,85
CALL-00001081,CUST-00181,AGT-0001,8f89730af2fec1a983327cb61f78331badb49d6aaf7f3ce1e1a3b0b3eb801138,18005551234,voice,SALES-Q,2026-08-09 14:00:00 UTC,600,0,ANSWERED,0
CALL-00001082,CUST-00182,,488aa09624d4598db5fb3ba1e687c70e62a3387f0a145a4fa24a3f187d477bab,18005555678,voice,SUPPORT-Q,2026-08-09 14:11:00 UTC,0,0,ABANDONED,0
CALL-00001083,CUST-00183,AGT-0003,5300b16187157f21b62483a73adab71a3849ded8836da135758bd5c979290ba0,18885550100,voice,RETENTION-Q,2026-08-09 14:22:00 UTC,626,0,TRANSFER,10
CALL-00001084,CUST-00184,,733b6ea9fc21cf645bdf9fffd0f327e1342f590cae5ed3bdc70fe46859185c48,18885550200,chat,BILLING-Q,2026-08-09 14:33:00 UTC,0,0,VOICEMAIL,0
CALL-00001085,CUST-00185,AGT-0005,12efe611ac5564fe007777047ef1c076cf6f13a890c845864790fe957ea35126,18005551234,callback,TECH-Q,2026-08-09 14:44:00 UTC,0,0,CALLBACK_SCHEDULED,0
CALL-00001086,CUST-00186,AGT-0006,f1d9ea55378ecdacf2f4b7ab5a467e7fefe2f9abe83f5f30c2d0f9be7cf4183e,18005555678,voice,SALES-Q,2026-08-09 14:55:00 UTC,665,35,ANSWERED,25
CALL-00001087,CUST-00187,AGT-0007,765feb884983894fa433059e44ae8e32e1b01dc8f69d4c9d726b95e862da0e31,18885550100,voice,SUPPORT-Q,2026-08-09 15:06:00 UTC,678,42,ANSWERED,30
CALL-00001088,CUST-00188,AGT-0008,2f29e13854129efbddc760734672c34305dfbde4e8589401dc2e54a753b820d4,18885550200,voice,RETENTION-Q,2026-08-09 15:17:00 UTC,691,49,ANSWERED,35
CALL-00001089,CUST-00189,,2be8bde535fc197a2a1d1566a4ebdb4e35c49b3d99a7c6ea2f876149022ec1d0,18005551234,chat,BILLING-Q,2026-08-09 15:28:00 UTC,0,0,ABANDONED,0
CALL-00001090,CUST-00190,AGT-0010,fa9491c14f8a203ed927a72b1846bfca854d70f56f4aaa78eb65999a37f21c79,18005555678,callback,TECH-Q,2026-08-09 15:39:00 UTC,717,0,TRANSFER,45
CALL-00001091,CUST-00191,,46d110019b01863797de66f6c26891e2da7b3b77dd5dd78e5e36015d0e4ed757,18885550100,voice,SALES-Q,2026-08-09 15:50:00 UTC,0,0,VOICEMAIL,0
CALL-00001092,CUST-00192,AGT-0012,8008d9b1a647a3d97b8ec437b8db536b83de8c99a6ae634a115e0b5669d9eec5,18885550200,voice,SUPPORT-Q,2026-08-09 16:01:00 UTC,0,0,CALLBACK_SCHEDULED,0
CALL-00001093,CUST-00193,AGT-0013,18a3f6e6da1a4ba4082f701710e43aa3a4c4a74f3e758e5a8ac024977e2fde6f,18005551234,voice,RETENTION-Q,2026-08-09 16:12:00 UTC,756,84,ANSWERED,60
CALL-00001094,CUST-00194,AGT-0014,3e72f7fddaebf8d131c7f35eb7fee47b9d47fa414365c31be6100faeb256dce5,18005555678,chat,BILLING-Q,2026-08-09 16:23:00 UTC,769,91,ANSWERED,65
CALL-00001095,CUST-00195,AGT-0015,5933dc50cf1cfad6e49261e555b6cffea3c2b732130d2d99b8f39f1d9833f6e2,18885550100,callback,TECH-Q,2026-08-09 16:34:00 UTC,782,98,ANSWERED,70
CALL-00001096,CUST-00196,,66a132e253cf570324286b2fff1b408491bff9aed65ce655afd636cf746e4e0b,18885550200,voice,SALES-Q,2026-08-09 16:45:00 UTC,0,0,ABANDONED,0
CALL-00001097,CUST-00197,AGT-0017,ed82d051cbad758024a33ae922c7792b3c711bdf4424450d807880f5f44fea67,18005551234,voice,SUPPORT-Q,2026-08-09 16:56:00 UTC,808,0,TRANSFER,80
CALL-00001098,CUST-00198,,c1c6909dc8276a7d14f26000346c211386c9108c5d2ea19db024a3f9caa849ac,18005555678,voice,RETENTION-Q,2026-08-09 17:07:00 UTC,0,0,VOICEMAIL,0
CALL-00001099,CUST-00199,AGT-0019,78cf9bb4d2d783b0069d58a25b709101731275e9ad3f22c5f24adbbc440aaf06,18885550100,chat,BILLING-Q,2026-08-09 17:18:00 UTC,0,0,CALLBACK_SCHEDULED,0
CALL-00001100,CUST-00200,AGT-0020,df8dd76703676a6bb441f25012f60849d3226f67e6d64448470e28b96c608619,18885550200,callback,TECH-Q,2026-08-09 17:29:00 UTC,847,13,ANSWERED,5
CALL-00001101,CUST-00201,AGT-0021,6fd427c6af14ec351b64f7bfd15d16b4c752f5a0b335d43b4b59762a0a10130c,18005551234,voice,SALES-Q,2026-08-09 17:40:00 UTC,860,20,ANSWERED,10
CALL-00001102,CUST-00202,AGT-0022,1c742b857237a8cdc45a7c2f61488d5559edddb80dc22db4b5ef91b499494b98,18005555678,voice,SUPPORT-Q,2026-08-09 17:51:00 UTC,873,27,ANSWERED,15
CALL-00001103,CUST-00203,,9af3f6ed3e45be9dc0f531ba8908faaab387762bab81d1fc5f98ad77b1eb8e8e,18885550100,voice,RETENTION-Q,2026-08-09 18:02:00 UTC,0,0,ABANDONED,0
CALL-00001104,CUST-00204,AGT-0024,d0768134f916e3d9ba2e920579a3bec53ed6df2c474b6cc99ef683ef1f5e27af,18885550200,chat,BILLING-Q,2026-08-09 18:13:00 UTC,899,0,TRANSFER,25
CALL-00001105,CUST-00205,,c31aa004708fe142588b7e5b059636d56d8a50c7e061249606ef6d997b796a7d,18005551234,callback,TECH-Q,2026-08-09 18:24:00 UTC,0,0,VOICEMAIL,0
CALL-00001106,CUST-00206,AGT-0026,ba988b96f3751270164291b304c8f56b3d83d0aaf01328956970ed006f51c159,18005555678,voice,SALES-Q,2026-08-09 18:35:00 UTC,0,0,CALLBACK_SCHEDULED,0
CALL-00001107,CUST-00207,AGT-0027,572743ef9a879e60eda9a92bdeee13f0345efed208f043557f867e58b9bb3b86,18885550100,voice,SUPPORT-Q,2026-08-09 18:46:00 UTC,938,62,ANSWERED,40
CALL-00001108,CUST-00208,AGT-0028,195eaaaa5609e8cff172e4e4486a5b0aee3480339d9664c448aedf731b15321c,18885550200,voice,RETENTION-Q,2026-08-09 18:57:00 UTC,951,69,ANSWERED,45
CALL-00001109,CUST-00209,AGT-0029,78b3377add953e391343c4a409652f360cae08291b0949b560f7f0de4b103ae5,18005551234,chat,BILLING-Q,2026-08-09 19:08:00 UTC,64,76,ANSWERED,50
CALL-00001110,CUST-00210,,e70dd9842f7cf02ec27b99cbc4629bb433b706eb35f74b81198f76ce2595f65b,18005555678,callback,TECH-Q,2026-08-09 19:19:00 UTC,0,0,ABANDONED,0
CALL-00001111,CUST-00211,AGT-0031,57a88d55e4061fee316323efd21e84a8aac8d5d97e20760cc60fe57546d628b2,18885550100,voice,SALES-Q,2026-08-09 19:30:00 UTC,90,0,TRANSFER,60
CALL-00001112,CUST-00212,,f9134b7fe3bca20271564a7bb215b94326b7a6cd33101b2e2e4db4ad4b18c9c5,18885550200,voice,SUPPORT-Q,2026-08-09 19:41:00 UTC,0,0,VOICEMAIL,0
CALL-00001113,CUST-00213,AGT-0033,fb4d814ead441cbe0b56e7570c9cc8e623689547f0c53172d744ce20864cf563,18005551234,voice,RETENTION-Q,2026-08-09 19:52:00 UTC,0,0,CALLBACK_SCHEDULED,0
CALL-00001114,CUST-00214,AGT-0034,ef45d92b51e1a26b7794c92fcf7161d1c310a042fbac8fcf5b6c416b0e4b1541,18005555678,chat,BILLING-Q,2026-08-09 20:03:00 UTC,129,111,ANSWERED,75
CALL-00001115,CUST-00215,AGT-0035,0538cedf3c6497a7b5e9c10bf10d50c231baeb2a2b01c8d36506222e412eea1c,18885550100,callback,TECH-Q,2026-08-09 20:14:00 UTC,142,118,ANSWERED,80
CALL-00001116,CUST-00216,AGT-0036,40b78cd7d786617aeb4e3ce7c54c2ad033ba71cb5ea9f4343875da6b780121fb,18885550200,voice,SALES-Q,2026-08-09 20:25:00 UTC,155,5,ANSWERED,85
CALL-00001117,CUST-00217,,a9e178c8f85230158f54029eba391b7173f12103f0bf27abccacda4e356c52bb,18005551234,voice,SUPPORT-Q,2026-08-09 20:36:00 UTC,0,0,ABANDONED,0
CALL-00001118,CUST-00218,AGT-0038,f237bb649fdfd664994737e30bcc5cdc3b30aba91b58b53d0d6a409b04340e8e,18005555678,voice,RETENTION-Q,2026-08-09 20:47:00 UTC,181,0,TRANSFER,5
CALL-00001119,CUST-00219,,31c924299cfce5cc427353495922dea4ea251fe7a978c959488784ce3c805a93,18885550100,chat,BILLING-Q,2026-08-09 20:58:00 UTC,0,0,VOICEMAIL,0
CALL-00001120,CUST-00220,AGT-0040,e2dacd54f82058b5b6497a7aacadd6896f0385b479f962b6f9567d8cd558fb88,18885550200,callback,TECH-Q,2026-08-09 21:09:00 UTC,0,0,CALLBACK_SCHEDULED,0
CALL-00001121,CUST-00221,AGT-0001,008cbc2dc0d1b9570605c6dfcd0369d70844a3229daf95e947c3df91c0423ae7,18005551234,voice,SALES-Q,2026-08-09 21:20:00 UTC,220,40,ANSWERED,20
CALL-00001122,CUST-00222,AGT-0002,b3b216bb111b231aa534daef5fc7dea078379bce62f01df3b03aae1279cb105a,18005555678,voice,SUPPORT-Q,2026-08-09 21:31:00 UTC,233,47,ANSWERED,25
CALL-00001123,CUST-00223,AGT-0003,0f12e7f30462fd31c7e2747c7f1776a0be446d50cda596315fc3b9d632f6eb95,18885550100,voice,RETENTION-Q,2026-08-09 21:42:00 UTC,246,54,ANSWERED,30
CALL-00001124,CUST-00224,,31e65af6566991e0a6cbd457983baedf5292939b8038465235ccb5b1ca339d26,18885550200,chat,BILLING-Q,2026-08-09 21:53:00 UTC,0,0,ABANDONED,0
CALL-00001125,CUST-00225,AGT-0005,ae2a28e489f11abcc22440580d8f45f365d6524439091f48ddfc905f4d7e7b14,18005551234,callback,TECH-Q,2026-08-09 22:04:00 UTC,272,0,TRANSFER,40
CALL-00001126,CUST-00226,,8427a76184cd147f1cad6245fddc1a03a44bcbc78acee62bb4fa1fa927728329,18005555678,voice,SALES-Q,2026-08-09 22:15:00 UTC,0,0,VOICEMAIL,0
CALL-00001127,CUST-00227,AGT-0007,024925c63551d25dbd35a0e0806a13a50108b6de5600f65713b13a4746302bf4,18885550100,voice,SUPPORT-Q,2026-08-09 22:26:00 UTC,0,0,CALLBACK_SCHEDULED,0
CALL-00001128,CUST-00228,AGT-0008,adca21944c88404c2ab42f70d13342a693be0b0462f044e34b580ab378adc3d0,18885550200,voice,RETENTION-Q,2026-08-09 22:37:00 UTC,311,89,ANSWERED,55
CALL-00001129,CUST-00229,AGT-0009,4aa5b1202bd72b11eafb31cc593836fc6a4e3f32462344999771b370291f1952,18005551234,chat,BILLING-Q,2026-08-09 22:48:00 UTC,324,96,ANSWERED,60
CALL-00001130,CUST-00230,AGT-0010,2c691bd4238dfa3387e65be6e9000e78853a9ca3e6101ff05bb947c660a7d2c1,18005555678,callback,TECH-Q,2026-08-09 22:59:00 UTC,337,103,ANSWERED,65
CALL-00001131,CUST-00231,,9723bd791369baf4d5a9e03dbb27d94b26496208c30779ee684eb881f54cfe7b,18885550100,voice,SALES-Q,2026-08-09 23:10:00 UTC,0,0,ABANDONED,0
CALL-00001132,CUST-00232,AGT-0012,61ca0a7f623f16e3c291aee069a2193bf8cf6f300aa6e57d61219c79952653d0,18885550200,voice,SUPPORT-Q,2026-08-09 23:21:00 UTC,363,0,TRANSFER,75
CALL-00001133,CUST-00233,,6ae473561bb85335dd05933d19510a2e685f9404547b188479c907ed228d872f,18005551234,voice,RETENTION-Q,2026-08-09 23:32:00 UTC,0,0,VOICEMAIL,0
CALL-00001134,CUST-00234,AGT-0014,3e609624ccfbb48455029a9d3cda224bf51db3c91e773ac4ececf5458bb756da,18005555678,chat,BILLING-Q,2026-08-09 23:43:00 UTC,0,0,CALLBACK_SCHEDULED,0
CALL-00001135,CUST-00235,AGT-0015,115d42a3f7c73c7543846b3acc102293f5319c966dfad6f0fb4cc5564d14302b,18885550100,callback,TECH-Q,2026-08-09 23:54:00 UTC,402,18,ANSWERED,0
CALL-00001136,CUST-00236,AGT-0016,a948c741d248a26a2d75329310327189842066af2dc3bb405c7aeb7942833425,18885550200,voice,SALES-Q,2026-08-10 00:05:00 UTC,415,25,ANSWERED,5
CALL-00001137,CUST-00237,AGT-0017,8e59717aa1e390fd848d108b6f48541eebadf39489a05e0bd69b8b9388597e64,18005551234,voice,SUPPORT-Q,2026-08-10 00:16:00 UTC,428,32,ANSWERED,10
CALL-00001138,CUST-00238,,404c2f2c4ef481cc24d3a872c0f44e5cc19357141f688c29dc4e601e406cac1d,18005555678,voice,RETENTION-Q,2026-08-10 00:27:00 UTC,0,0,ABANDONED,0
CALL-00001139,CUST-00239,AGT-0019,1b402a729e399509a8e45cabaef749810ced63acd6dde32b9ebbc35e3feb8dd7,18885550100,chat,BILLING-Q,2026-08-10 00:38:00 UTC,454,0,TRANSFER,20
CALL-00001140,CUST-00240,,0b2c717cb747aacae896080c7ef54cb92bc862fdb98f8920d20694f31e23bb6d,18885550200,callback,TECH-Q,2026-08-10 00:49:00 UTC,0,0,VOICEMAIL,0
CALL-00001141,CUST-00241,AGT-0021,35c953a3880717c1729c53331a718177ae049f79b294bd5e0ecdc9dc4fac223e,18005551234,voice,SALES-Q,2026-08-10 01:00:00 UTC,0,0,CALLBACK_SCHEDULED,0
CALL-00001142,CUST-00242,AGT-0022,2f497b4f0b1cc9613228c940a9ed4918618196dc3e37f031cb9024ea7f531ef7,18005555678,voice,SUPPORT-Q,2026-08-10 01:11:00 UTC,493,67,ANSWERED,35
CALL-00001143,CUST-00243,AGT-0023,594dca59e22324853157da0b430bbeb6bce82a461dfa96b1ebae07e710cf0434,18885550100,voice,RETENTION-Q,2026-08-10 01:22:00 UTC,506,74,ANSWERED,40
CALL-00001144,CUST-00244,AGT-0024,6b2a14ad26947dbfc0e63eeffc25365d893e448d4d7feb94103fdf925fa15ce2,18885550200,chat,BILLING-Q,2026-08-10 01:33:00 UTC,519,81,ANSWERED,45
CALL-00001145,CUST-00245,,81119f4d438480c76a7150cc363a9f664b5750766f338d2f52e7d7ef569fb9b0,18005551234,callback,TECH-Q,2026-08-10 01:44:00 UTC,0,0,ABANDONED,0
CALL-00001146,CUST-00246,AGT-0026,f9b06c96d7dabba57cfebe16ec64eaca630cc60aeea5b896b4902c5f47fe1680,18005555678,voice,SALES-Q,2026-08-10 01:55:00 UTC,545,0,TRANSFER,55
CALL-00001147,CUST-00247,,7cb8205ff7195e732719c2401c2cb8d3bd9087f03e586bed1f216e75c8d891d5,18885550100,voice,SUPPORT-Q,2026-08-10 02:06:00 UTC,0,0,VOICEMAIL,0
CALL-00001148,CUST-00248,AGT-0028,5d21300986d164916f9d72bfb11e342ceca8456b93dde4b57e5bc96ee5357d20,18885550200,voice,RETENTION-Q,2026-08-10 02:17:00 UTC,0,0,CALLBACK_SCHEDULED,0
CALL-00001149,CUST-00249,AGT-0029,e92697d24b4d88c766358c1dbe671b4cfca7be31c8cf0fbb4820d639b29a4c2c,18005551234,chat,BILLING-Q,2026-08-10 02:28:00 UTC,584,116,ANSWERED,70
CALL-00001150,CUST-00250,AGT-0030,d68c8488fd447fa05997a224fd502db96aecf212118d8f8b9332c7479e6488e9,18005555678,callback,TECH-Q,2026-08-10 02:39:00 UTC,597,3,ANSWERED,75
CALL-00001151,CUST-00251,AGT-0031,2816c6ccf350746699a50299ab508cb1325802a36d32dcb3ac93f7f9acf3de9e,18885550100,voice,SALES-Q,2026-08-10 02:50:00 UTC,610,10,ANSWERED,80
CALL-00001152,CUST-00252,,7869db05f3dff3feec3d6b315970cb47bb3204e559e6c212fd7c9df39abb169a,18885550200,voice,SUPPORT-Q,2026-08-10 03:01:00 UTC,0,0,ABANDONED,0
CALL-00001153,CUST-00253,AGT-0033,0aeb1dcd14090d0e80df0e9e917bd3f6e87ebee7119587a5bfd3c39126f28152,18005551234,voice,RETENTION-Q,2026-08-10 03:12:00 UTC,636,0,TRANSFER,0
CALL-00001154,CUST-00254,,9c85c9baef4e801d73dbe63a29b02dc997a4b8db3d9f186e2ab52ac86d9752a9,18005555678,chat,BILLING-Q,2026-08-10 03:23:00 UTC,0,0,VOICEMAIL,0
CALL-00001155,CUST-00255,AGT-0035,3a1cc962a0f0a49d4a8e78f41cc60498549ce94e5da27ae7c17c77437fe2c8cd,18885550100,callback,TECH-Q,2026-08-10 03:34:00 UTC,0,0,CALLBACK_SCHEDULED,0
CALL-00001156,CUST-00256,AGT-0036,2413aa5aaddcc77ff85884569266979d3aa4d5a371f9717d80260b3bf33d5302,18885550200,voice,SALES-Q,2026-08-10 03:45:00 UTC,675,45,ANSWERED,15
CALL-00001157,CUST-00257,AGT-0037,75d8f8f894ad15d2549ff5df606cd3a20d35fe62e6099d0e3092036ee45b0f4c,18005551234,voice,SUPPORT-Q,2026-08-10 03:56:00 UTC,688,52,ANSWERED,20
CALL-00001158,CUST-00258,AGT-0038,22cb36144437044df2c3169c3ce0eb8f2278f9a42d3fc1b502ccb26cbbe32b89,18005555678,voice,RETENTION-Q,2026-08-10 04:07:00 UTC,701,59,ANSWERED,25
CALL-00001159,CUST-00259,,7128528b821d2465fc27a442c37e114fb3d549d50240d6a8ad0bded6fb1dce17,18885550100,chat,BILLING-Q,2026-08-10 04:18:00 UTC,0,0,ABANDONED,0
CALL-00001160,CUST-00260,AGT-0040,9db50f5061c295971c9b64ba08ca766cbf00811a9ea8d8a2ef9a317a8b7377cf,18885550200,callback,TECH-Q,2026-08-10 04:29:00 UTC,727,0,TRANSFER,35
CALL-00001161,CUST-00261,,15bc3d0114377551c6fd155db06cf12d2e12f78f8a0569e199d395204bc88f0f,18005551234,voice,SALES-Q,2026-08-10 04:40:00 UTC,0,0,VOICEMAIL,0
CALL-00001162,CUST-00262,AGT-0002,d03ed395e39306dfb566cf4ab7a4bf9bf61d0061e0a9e13dca5397dc29506a98,18005555678,voice,SUPPORT-Q,2026-08-10 04:51:00 UTC,0,0,CALLBACK_SCHEDULED,0
CALL-00001163,CUST-00263,AGT-0003,5a7c060dfe70ce369b6373ab13bf9d04200ca8cceca0bd2860d3260df4b789f3,18885550100,voice,RETENTION-Q,2026-08-10 05:02:00 UTC,766,94,ANSWERED,50
CALL-00001164,CUST-00264,AGT-0004,39e454082f02a4db70a2e76ac488781e1b637688e75f11b483471b49a03a7736,18885550200,chat,BILLING-Q,2026-08-10 05:13:00 UTC,779,101,ANSWERED,55
CALL-00001165,CUST-00265,AGT-0005,2dbdb330efc1138ee3037632e35926e162b2130baa402da151b56275606ee7ba,18005551234,callback,TECH-Q,2026-08-10 05:24:00 UTC,792,108,ANSWERED,60
CALL-00001166,CUST-00266,,ba1f54b7a5de3dcdbe4b4c3989d6bb2d6fe814ac4c509680aca8dc0a280abbe3,18005555678,voice,SALES-Q,2026-08-10 05:35:00 UTC,0,0,ABANDONED,0
CALL-00001167,CUST-00267,AGT-0007,2ca930593c1516a0bb4edc894b96f59de54a5f450f0f292f1cac4513bcd9a26d,18885550100,voice,SUPPORT-Q,2026-08-10 05:46:00 UTC,818,0,TRANSFER,70
CALL-00001168,CUST-00268,,61a3b178ba5ba4348db99583f02ad8d12bfe8295a7d97a0a0978b5a2ea3dd46b,18885550200,voice,RETENTION-Q,2026-08-10 05:57:00 UTC,0,0,VOICEMAIL,0
CALL-00001169,CUST-00269,AGT-0009,eb768adcccf109cbe3249a11589120bd1a68125fd38491e4a7024db0f21288d0,18005551234,chat,BILLING-Q,2026-08-10 06:08:00 UTC,0,0,CALLBACK_SCHEDULED,0
CALL-00001170,CUST-00270,AGT-0010,15a987ac210ea34df2e53e24b3fdedbf301d8eaee285fd641fe0487f7ed51b25,18005555678,callback,TECH-Q,2026-08-10 06:19:00 UTC,857,23,ANSWERED,85
CALL-00001171,CUST-00271,AGT-0011,500711043f035c22f930b5d2892cf7d4275510830123bb9e6cd2cc6bc88ce45b,18885550100,voice,SALES-Q,2026-08-10 06:30:00 UTC,870,30,ANSWERED,0
CALL-00001172,CUST-00272,AGT-0012,2c434516c0d7f72b999715bb9a78762abab39cf693b6f65d8e8eb16b40a36cef,18885550200,voice,SUPPORT-Q,2026-08-10 06:41:00 UTC,883,37,ANSWERED,5
CALL-00001173,CUST-00273,,a4d60b4f1ee2cd46b7c0d043fcfe5e82645a38f135e9f24f0189c0c074e4343f,18005551234,voice,RETENTION-Q,2026-08-10 06:52:00 UTC,0,0,ABANDONED,0
CALL-00001174,CUST-00274,AGT-0014,a98126e75aac5ee470ec4dd3310c316f009bbf43cb49776f0b02e10914d93ee1,18005555678,chat,BILLING-Q,2026-08-10 07:03:00 UTC,909,0,TRANSFER,15
CALL-00001175,CUST-00275,,629c5db994d52acb523920cca798f00ba12859950f64b51ebcad211b68b6f7ea,18885550100,callback,TECH-Q,2026-08-10 07:14:00 UTC,0,0,VOICEMAIL,0
CALL-00001176,CUST-00276,AGT-0016,0271291b6baf159f3d196484f3a1bb74bf5d871df1f4654ad7972e3ce2a53317,18885550200,voice,SALES-Q,2026-08-10 07:25:00 UTC,0,0,CALLBACK_SCHEDULED,0
CALL-00001177,CUST-00277,AGT-0017,86825948d63f70b6b41abdc677f7fdd54d45bd6e433affcd4ec1955d0f7cf669,18005551234,voice,SUPPORT-Q,2026-08-10 07:36:00 UTC,948,72,ANSWERED,30
CALL-00001178,CUST-00278,AGT-0018,26873c05bb1d360b582432dba63a92dd1ee4703dc451afee43ab376334e2facd,18005555678,voice,RETENTION-Q,2026-08-10 07:47:00 UTC,61,79,ANSWERED,35
CALL-00001179,CUST-00279,AGT-0019,55ad02c068b5c1a310437fb510cf4608bcc6b59917746d2f44a8bef6d2195847,18885550100,chat,BILLING-Q,2026-08-10 07:58:00 UTC,74,86,ANSWERED,40
CALL-00001180,CUST-00280,,547dc8ad02ae20dd820282944fe2292ea8b45c631f16d30eeb46393b5e4870af,18885550200,callback,TECH-Q,2026-08-10 08:09:00 UTC,0,0,ABANDONED,0
CALL-00001181,CUST-00281,AGT-0021,7698d542540c330c9e4b258ec9455081446f3386083b0ba53045a09cd48a8aa6,18005551234,voice,SALES-Q,2026-08-10 08:20:00 UTC,100,0,TRANSFER,50
CALL-00001182,CUST-00282,,1b3950b13cb785e4ef957ec6597645dae98fd71ca77ce07cfcf77dce0cfeaa3c,18005555678,voice,SUPPORT-Q,2026-08-10 08:31:00 UTC,0,0,VOICEMAIL,0
CALL-00001183,CUST-00283,AGT-0023,5202833a4f8591caf8ceac978582251fcc5a94a57e1161f05b62867dc30dcec7,18885550100,voice,RETENTION-Q,2026-08-10 08:42:00 UTC,0,0,CALLBACK_SCHEDULED,0
CALL-00001184,CUST-00284,AGT-0024,17c727d3d230c6b6a1dc2e1c245a96f696f314dca2a4365f1965baa28582aeb5,18885550200,chat,BILLING-Q,2026-08-10 08:53:00 UTC,139,1,ANSWERED,65
CALL-00001185,CUST-00285,AGT-0025,b06d8c6fb15b068b0f44b7ded554faa8978c6390ce1f4f73e89f8b8e9324076f,18005551234,callback,TECH-Q,2026-08-10 09:04:00 UTC,152,8,ANSWERED,70
CALL-00001186,CUST-00286,AGT-0026,10ab88314ad2d10765e7957b5300856ed6db624e9e864351337ddca85acfb9c1,18005555678,voice,SALES-Q,2026-08-10 09:15:00 UTC,165,15,ANSWERED,75
CALL-00001187,CUST-00287,,34b913008f663859fc0c714cb1848c72fcada4ef37199e362dbdab19bec849bc,18885550100,voice,SUPPORT-Q,2026-08-10 09:26:00 UTC,0,0,ABANDONED,0
CALL-00001188,CUST-00288,AGT-0028,292921296010d6f9c3397b508dcd07032e5d701aa457301b64db11602f120e5a,18885550200,voice,RETENTION-Q,2026-08-10 09:37:00 UTC,191,0,TRANSFER,85
CALL-00001189,CUST-00289,,d03b172fc2ca6c4802b7b98b6a81ebb587785c9b9e5427de871a702b2a389f9c,18005551234,chat,BILLING-Q,2026-08-10 09:48:00 UTC,0,0,VOICEMAIL,0
CALL-00001190,CUST-00290,AGT-0030,c28dabe1b7d2f123812b9637323e5084fa23655994daf0873eea436533a85a77,18005555678,callback,TECH-Q,2026-08-10 09:59:00 UTC,0,0,CALLBACK_SCHEDULED,0
CALL-00001191,CUST-00291,AGT-0031,67eb2aa4b9031cd165247cb32fb216ea8ad80d00b5f5b9f2c8c94b77154e94bd,18885550100,voice,SALES-Q,2026-08-10 10:10:00 UTC,230,50,ANSWERED,10
CALL-00001192,CUST-00292,AGT-0032,821a2c0054f401ba209cc7e218045a5e67c47e9abf0e382754f901768ead1824,18885550200,voice,SUPPORT-Q,2026-08-10 10:21:00 UTC,243,57,ANSWERED,15
CALL-00001193,CUST-00293,AGT-0033,7a9e710251fadb94ac0766dd725be61958878786364fa319b6f5df4569a7551d,18005551234,voice,RETENTION-Q,2026-08-10 10:32:00 UTC,256,64,ANSWERED,20
CALL-00001194,CUST-00294,,543ada8d3bc55a6646b10c3142c0d416af213ee8260c634611f80a64b52cd86e,18005555678,chat,BILLING-Q,2026-08-10 10:43:00 UTC,0,0,ABANDONED,0
CALL-00001195,CUST-00295,AGT-0035,2e37a65aa1e1649e35cb3c0b500d3e9c83bd1567c0af821859f12ea70eaa056c,18885550100,callback,TECH-Q,2026-08-10 10:54:00 UTC,282,0,TRANSFER,30
CALL-00001196,CUST-00296,,fc1aa13d6f8f43d17599f771fbda0c6cecd75efb2aabf9b356afa421b1151162,18885550200,voice,SALES-Q,2026-08-10 11:05:00 UTC,0,0,VOICEMAIL,0
CALL-00001197,CUST-00297,AGT-0037,78ccaec9dc8fe731691fbd2803bb80d4c2bd2ecca75378ef86d70260afe49346,18005551234,voice,SUPPORT-Q,2026-08-10 11:16:00 UTC,0,0,CALLBACK_SCHEDULED,0
CALL-00001198,CUST-00298,AGT-0038,23cb1441a0a36ffcde5fff5920decbcc99b3199222756cf43d3bd4481ad4e0ee,18005555678,voice,RETENTION-Q,2026-08-10 11:27:00 UTC,321,99,ANSWERED,45
CALL-00001199,CUST-00299,AGT-0039,aff0c55dbec6f221538b62dcf84a6106894320fa13ef35aa437db28acb18011b,18885550100,chat,BILLING-Q,2026-08-10 11:38:00 UTC,334,106,ANSWERED,50
CALL-00001200,CUST-00300,AGT-0040,ee01d08eb53a99bede0e5939fd7fe900404c0af480947ec426faed2a8528efd5,18885550200,callback,TECH-Q,2026-08-10 11:49:00 UTC,347,113,ANSWERED,55
CALL-00001201,CUST-00001,,420f8296a853b4e56dcd2fb0b85c2539139098bd0575711534f7bc52aaaa2567,18005551234,voice,SALES-Q,2026-08-10 12:00:00 UTC,0,0,ABANDONED,0
CALL-00001202,CUST-00002,AGT-0002,cf13d728edeef07ad22ba19e187dd4d5ca1c66b45233b9d62be3889819037b94,18005555678,voice,SUPPORT-Q,2026-08-10 12:11:00 UTC,373,0,TRANSFER,65
CALL-00001203,CUST-00003,,f3e06f1a8ded3bafcb7e557f9e3d07d2ece037f672fae99be56662463f48d190,18885550100,voice,RETENTION-Q,2026-08-10 12:22:00 UTC,0,0,VOICEMAIL,0
CALL-00001204,CUST-00004,AGT-0004,69ac87460713f36ac1fc4ce76cfcd8dd289f6ece8bef6f1daa29cc7ebe34c8f1,18885550200,chat,BILLING-Q,2026-08-10 12:33:00 UTC,0,0,CALLBACK_SCHEDULED,0
CALL-00001205,CUST-00005,AGT-0005,eb875370f8fcaeeb2a307ec2b6dac0b29fbd95b2b285f66434f633d00e1a9fdc,18005551234,callback,TECH-Q,2026-08-10 12:44:00 UTC,412,28,ANSWERED,80
CALL-00001206,CUST-00006,AGT-0006,8d847b7250bbdda0e1d015c0ed6f8e95aae67031977b91ae5dd1f9c803972ffc,18005555678,voice,SALES-Q,2026-08-10 12:55:00 UTC,425,35,ANSWERED,85
CALL-00001207,CUST-00007,AGT-0007,3ca78bee0d62016840e754328cc3315e682c2759bd9e869fca0159113d24a561,18885550100,voice,SUPPORT-Q,2026-08-10 13:06:00 UTC,438,42,ANSWERED,0
CALL-00001208,CUST-00008,,37412d29b22501855d39e3965c8d3b1bde9acfbdfae71b01553057f27244f902,18885550200,voice,RETENTION-Q,2026-08-10 13:17:00 UTC,0,0,ABANDONED,0
CALL-00001209,CUST-00009,AGT-0009,96172f09eccdded4710e39ee0d587816c7275e0213108a054d1d42c5525ec610,18005551234,chat,BILLING-Q,2026-08-10 13:28:00 UTC,464,0,TRANSFER,10
CALL-00001210,CUST-00010,,e534de450df71d06197c29a7ed0c76c60a6d121678b448591f7e9aa84a29001c,18005555678,callback,TECH-Q,2026-08-10 13:39:00 UTC,0,0,VOICEMAIL,0
CALL-00001211,CUST-00011,AGT-0011,b7bf56c01fff72844db01bcba0ec4fd77e359a6523d68d6d2b79bb397346ee2b,18885550100,voice,SALES-Q,2026-08-10 13:50:00 UTC,0,0,CALLBACK_SCHEDULED,0
CALL-00001212,CUST-00012,AGT-0012,8ad2790e8255266cc8097edaa6b18527d8f9d1265a92c6215f0d70ffa28d3289,18885550200,voice,SUPPORT-Q,2026-08-10 14:01:00 UTC,503,77,ANSWERED,25
CALL-00001213,CUST-00013,AGT-0013,cdca56d3e4f3e87ccbd6618cfe83955969f4315e15c5676ba478cc7d17e705ef,18005551234,voice,RETENTION-Q,2026-08-10 14:12:00 UTC,516,84,ANSWERED,30
CALL-00001214,CUST-00014,AGT-0014,c0415de904d340b1d00560fb9255d9738c6750d1084493c0ab0ae019fdc2b241,18005555678,chat,BILLING-Q,2026-08-10 14:23:00 UTC,529,91,ANSWERED,35
CALL-00001215,CUST-00015,,3e2b6530878fc529e9beeab5eeed8bda0c5ba535d68b3aa786a32f19e1fae2d7,18885550100,callback,TECH-Q,2026-08-10 14:34:00 UTC,0,0,ABANDONED,0
CALL-00001216,CUST-00016,AGT-0016,47a66b4c793ca8f028c29b8d130c5f930f5732b0a4744292faa8a5eed5b51468,18885550200,voice,SALES-Q,2026-08-10 14:45:00 UTC,555,0,TRANSFER,45
CALL-00001217,CUST-00017,,f506fb89d295139ccc4010142200a0abb5b6bfbc3b6163b377e6ed353019a444,18005551234,voice,SUPPORT-Q,2026-08-10 14:56:00 UTC,0,0,VOICEMAIL,0
CALL-00001218,CUST-00018,AGT-0018,7c6c890b008d885eaca51d5b5aad6a53bd19ba468517dbe5a9e47147a5a315eb,18005555678,voice,RETENTION-Q,2026-08-10 15:07:00 UTC,0,0,CALLBACK_SCHEDULED,0
CALL-00001219,CUST-00019,AGT-0019,0ee3b7362e580354441f42088421b97d41c45588341eaec41c3006ddcb8538b3,18885550100,chat,BILLING-Q,2026-08-10 15:18:00 UTC,594,6,ANSWERED,60
CALL-00001220,CUST-00020,AGT-0020,e8777b2b681007fad0cab47a10570d38026d1805ec170466f37b18b8e0285303,18885550200,callback,TECH-Q,2026-08-10 15:29:00 UTC,607,13,ANSWERED,65
CALL-00001221,CUST-00021,AGT-0021,caf01c6bcb02cf5a90cf8413e00ca7ec32a6f591418bc6ae2b9adac3da80113c,18005551234,voice,SALES-Q,2026-08-10 15:40:00 UTC,620,20,ANSWERED,70
CALL-00001222,CUST-00022,,f29f9b42e95e74e38fc1961435373a87d1ad86eb6898f88f444d96473f151eef,18005555678,voice,SUPPORT-Q,2026-08-10 15:51:00 UTC,0,0,ABANDONED,0
CALL-00001223,CUST-00023,AGT-0023,2b98d7f12b7bc048a784998dc4f772d922b18961c67bc6b120669b80acae350f,18885550100,voice,RETENTION-Q,2026-08-10 16:02:00 UTC,646,0,TRANSFER,80
CALL-00001224,CUST-00024,,6311baf879aced6be3a2e549c2ef119033626adc8b858ca184355a6b1d903e84,18885550200,chat,BILLING-Q,2026-08-10 16:13:00 UTC,0,0,VOICEMAIL,0
CALL-00001225,CUST-00025,AGT-0025,19cdb30b9ed037e8708f2d1179a54b87b2b5197f8a3adbc61e70b9b13bed1772,18005551234,callback,TECH-Q,2026-08-10 16:24:00 UTC,0,0,CALLBACK_SCHEDULED,0
CALL-00001226,CUST-00026,AGT-0026,18624475344221379507fea3fa37fd13414e4ac615c5f9e1113f3d325ec22c84,18005555678,voice,SALES-Q,2026-08-10 16:35:00 UTC,685,55,ANSWERED,5
CALL-00001227,CUST-00027,AGT-0027,c8df7ebb05862c9d5856b8355dd3427284837fbf54ff7e1efb95a70a75a06b97,18885550100,voice,SUPPORT-Q,2026-08-10 16:46:00 UTC,698,62,ANSWERED,10
CALL-00001228,CUST-00028,AGT-0028,59b3bb10d5414d01c351b8b6ca8841709bdbbb46784d442fd1eeb7aed7bf63d8,18885550200,voice,RETENTION-Q,2026-08-10 16:57:00 UTC,711,69,ANSWERED,15
CALL-00001229,CUST-00029,,717490b178e121a9adf525decc45378755b8052e60209360ec972ca1da3cfd47,18005551234,chat,BILLING-Q,2026-08-10 17:08:00 UTC,0,0,ABANDONED,0
CALL-00001230,CUST-00030,AGT-0030,3c5d58cfa5b748be4dadde0ce9f194fc7124082c977c6936b27ee8ade301a36d,18005555678,callback,TECH-Q,2026-08-10 17:19:00 UTC,737,0,TRANSFER,25
CALL-00001231,CUST-00031,,02026ef159d1c24055538367cc2aab2a9e4ecf0161edcaa1caa84b05b0753fb9,18885550100,voice,SALES-Q,2026-08-10 17:30:00 UTC,0,0,VOICEMAIL,0
CALL-00001232,CUST-00032,AGT-0032,295c7d919e4f613431449f314415a073a94cb9cde259d05b24a8cfd0ef7b4b04,18885550200,voice,SUPPORT-Q,2026-08-10 17:41:00 UTC,0,0,CALLBACK_SCHEDULED,0
CALL-00001233,CUST-00033,AGT-0033,ff82f65c866821d503cd17da4eb929d6df6ae3c25c303612ca15c9545b7f6f42,18005551234,voice,RETENTION-Q,2026-08-10 17:52:00 UTC,776,104,ANSWERED,40
CALL-00001234,CUST-00034,AGT-0034,a8354ca61f671be45c2fd5f95c67956be646057b7f5a65de77d12ed3274e3415,18005555678,chat,BILLING-Q,2026-08-10 18:03:00 UTC,789,111,ANSWERED,45
CALL-00001235,CUST-00035,AGT-0035,83bb5475963ce1e4f6faf44fb64adf22994e33d52e0b56eb0bb1e7cd919679fa,18885550100,callback,TECH-Q,2026-08-10 18:14:00 UTC,802,118,ANSWERED,50
CALL-00001236,CUST-00036,,bd8eeded98afca46d3788f396658f1915f8016ee44f11dc3ce27d56c763d14c2,18885550200,voice,SALES-Q,2026-08-10 18:25:00 UTC,0,0,ABANDONED,0
CALL-00001237,CUST-00037,AGT-0037,2c962fe3ca3118086d86f51dadab63ba4a3bf45b0f231912e997257fbbbceaff,18005551234,voice,SUPPORT-Q,2026-08-10 18:36:00 UTC,828,0,TRANSFER,60
CALL-00001238,CUST-00038,,6721225848e160844a510bd00a163c10d93cf5cd0cbff670581be504a36f2411,18005555678,voice,RETENTION-Q,2026-08-10 18:47:00 UTC,0,0,VOICEMAIL,0
CALL-00001239,CUST-00039,AGT-0039,c578a8aec37d7b604e0d56a148c062c31067471b17718dc8d7511dc041788e57,18885550100,chat,BILLING-Q,2026-08-10 18:58:00 UTC,0,0,CALLBACK_SCHEDULED,0
CALL-00001240,CUST-00040,AGT-0040,40790300887b3b1df768557c0b959e6f2b91d66245081e96e9f62f0a356523d3,18885550200,callback,TECH-Q,2026-08-10 19:09:00 UTC,867,33,ANSWERED,75
CALL-00001241,CUST-00041,AGT-0001,920d22424cb7a15d354d46c2ea258b0f342b2236306af459312f773a2449fe7f,18005551234,voice,SALES-Q,2026-08-10 19:20:00 UTC,880,40,ANSWERED,80
CALL-00001242,CUST-00042,AGT-0002,823dae236318baf6f771e41a170991b4d8eefb29d939668170aae8fc500afbdd,18005555678,voice,SUPPORT-Q,2026-08-10 19:31:00 UTC,893,47,ANSWERED,85
CALL-00001243,CUST-00043,,10ff367fe8ec0662347cbdddef606b813f8f9e3bf84f5fc779edffe2cf53c206,18885550100,voice,RETENTION-Q,2026-08-10 19:42:00 UTC,0,0,ABANDONED,0
CALL-00001244,CUST-00044,AGT-0004,b7f484c79cb92ffcc30ed81feb2f025005217cd469a7f3bbc0a609756751dbaf,18885550200,chat,BILLING-Q,2026-08-10 19:53:00 UTC,919,0,TRANSFER,5
CALL-00001245,CUST-00045,,c4ae3be1c480024702329cd03169925f95443d85f9e774d71815b565def72a26,18005551234,callback,TECH-Q,2026-08-10 20:04:00 UTC,0,0,VOICEMAIL,0
CALL-00001246,CUST-00046,AGT-0006,603813ac6f45cdaf093ea153f27d8aa2fb17a0b3477c0d22319fd25b425bad3a,18005555678,voice,SALES-Q,2026-08-10 20:15:00 UTC,0,0,CALLBACK_SCHEDULED,0
CALL-00001247,CUST-00047,AGT-0007,4c641ba50240140926524980d6df2eec9b4497b45266b4f25c20efe3d7e98615,18885550100,voice,SUPPORT-Q,2026-08-10 20:26:00 UTC,958,82,ANSWERED,20
CALL-00001248,CUST-00048,AGT-0008,db4bab1bdd7528b2316fa23c8c0045acfee52d7adadaaa4e16def1143d5784b5,18885550200,voice,RETENTION-Q,2026-08-10 20:37:00 UTC,71,89,ANSWERED,25
CALL-00001249,CUST-00049,AGT-0009,69d3524a2adb39f59021f2b00c8772c45a68e1196904b1dc87edea5e17d8ced3,18005551234,chat,BILLING-Q,2026-08-10 20:48:00 UTC,84,96,ANSWERED,30
CALL-00001250,CUST-00050,,41bac9e495584882002e2b358635e1194b9ece336f24fcd3542faff6a9db3fdf,18005555678,callback,TECH-Q,2026-08-10 20:59:00 UTC,0,0,ABANDONED,0
CALL-00001251,CUST-00051,AGT-0011,57225ea3114f9f08c1eec31131ca1540c0263eeabccf2014eee14b2391d0ea85,18885550100,voice,SALES-Q,2026-08-10 21:10:00 UTC,110,0,TRANSFER,40
CALL-00001252,CUST-00052,,20643b1fd322c0007e2d4737edc68e11443153e6499e7ea7dd1bb6b1661ea6d3,18885550200,voice,SUPPORT-Q,2026-08-10 21:21:00 UTC,0,0,VOICEMAIL,0
CALL-00001253,CUST-00053,AGT-0013,ee6520bb62c2231ad7637558dd2b87356bc8aaeb581b1775bda93e61d4724894,18005551234,voice,RETENTION-Q,2026-08-10 21:32:00 UTC,0,0,CALLBACK_SCHEDULED,0
CALL-00001254,CUST-00054,AGT-0014,033d7661755bc1264826e86180ee80c063b52006cd363f10997a2f4ed419f811,18005555678,chat,BILLING-Q,2026-08-10 21:43:00 UTC,149,11,ANSWERED,55
CALL-00001255,CUST-00055,AGT-0015,065f7f688bad6eed3d6d7aeb23f4e613faa45539829375f4f3032f6834a3bd38,18885550100,callback,TECH-Q,2026-08-10 21:54:00 UTC,162,18,ANSWERED,60
CALL-00001256,CUST-00056,AGT-0016,ddd3dc89074a85ed6b1fa4304420b53158152cc750918edc4c69b4645087f5dd,18885550200,voice,SALES-Q,2026-08-10 22:05:00 UTC,175,25,ANSWERED,65
CALL-00001257,CUST-00057,,fea9ef0c7ee989673d22e391023d6b7d9976dcbc221f7d7a87232bd9e9da34ee,18005551234,voice,SUPPORT-Q,2026-08-10 22:16:00 UTC,0,0,ABANDONED,0
CALL-00001258,CUST-00058,AGT-0018,3a5c856b3eef5fe498f46f7c99881c5b5ab3c7d048f208a6f00e0d952d25dde9,18005555678,voice,RETENTION-Q,2026-08-10 22:27:00 UTC,201,0,TRANSFER,75
CALL-00001259,CUST-00059,,3f6f22969cf8d5cdc2200b2d540c5ca16c27ca83efb61e1039cd3e73ef7416da,18885550100,chat,BILLING-Q,2026-08-10 22:38:00 UTC,0,0,VOICEMAIL,0
CALL-00001260,CUST-00060,AGT-0020,67600547ad0aaa2c6d1824ff5c306a2aa2ca938d5e55d238d364155207a610de,18885550200,callback,TECH-Q,2026-08-10 22:49:00 UTC,0,0,CALLBACK_SCHEDULED,0
CALL-00001261,CUST-00061,AGT-0021,b087c1434b33765a2b4d42a02258b81b47354eaafa2fcc6447f520d2c80263aa,18005551234,voice,SALES-Q,2026-08-10 23:00:00 UTC,240,60,ANSWERED,0
CALL-00001262,CUST-00062,AGT-0022,c24bb926badeeccbcbdb12635a658d5007bc3da5c45d7502335449d59e7c46f4,18005555678,voice,SUPPORT-Q,2026-08-10 23:11:00 UTC,253,67,ANSWERED,5
CALL-00001263,CUST-00063,AGT-0023,62b5bacd6ae58e9df07b8ddfb27b5d55c0d4abb08bece8646981339358653461,18885550100,voice,RETENTION-Q,2026-08-10 23:22:00 UTC,266,74,ANSWERED,10
CALL-00001264,CUST-00064,,6d5f9add3c8d50146fff538a7d1f45d2b1e29e9fc1589f75b68fb46dc81ebcac,18885550200,chat,BILLING-Q,2026-08-10 23:33:00 UTC,0,0,ABANDONED,0
CALL-00001265,CUST-00065,AGT-0025,231e5cebaf6625353ade39c49d3d78e2bd1cedfe85bbf806dd221ab03ae3ab8a,18005551234,callback,TECH-Q,2026-08-10 23:44:00 UTC,292,0,TRANSFER,20
CALL-00001266,CUST-00066,,d443376c73535ef346f3c9f949d9a37a2ce53a94724ac191432eba989033b672,18005555678,voice,SALES-Q,2026-08-10 23:55:00 UTC,0,0,VOICEMAIL,0
CALL-00001267,CUST-00067,AGT-0027,19d80a0961ddeea3eaefaf8fd3009dd7482b5b893e2ba3ed090c98fa9713c766,18885550100,voice,SUPPORT-Q,2026-08-11 00:06:00 UTC,0,0,CALLBACK_SCHEDULED,0
CALL-00001268,CUST-00068,AGT-0028,0073993d1583f5d997be815cc5e22c862e03878d1665dc6ccdff043d40794049,18885550200,voice,RETENTION-Q,2026-08-11 00:17:00 UTC,331,109,ANSWERED,35
CALL-00001269,CUST-00069,AGT-0029,25af2b960d7b92774d4fa3ac081c2d254d7fbcd07f036653756bb5c28a2e52ac,18005551234,chat,BILLING-Q,2026-08-11 00:28:00 UTC,344,116,ANSWERED,40
CALL-00001270,CUST-00070,AGT-0030,715e9070db8a718d359614cf1433ba57178ed5bddfcb2427b4a2110efa540f71,18005555678,callback,TECH-Q,2026-08-11 00:39:00 UTC,357,3,ANSWERED,45
CALL-00001271,CUST-00071,,5599b7283703af712009bd44801a5c61a098e4db8fe1af8ce5b80966c57a2172,18885550100,voice,SALES-Q,2026-08-11 00:50:00 UTC,0,0,ABANDONED,0
CALL-00001272,CUST-00072,AGT-0032,b64aceddb964818de9b7e2ed9b3a74690d72236f348989f1aa54103f607e4269,18885550200,voice,SUPPORT-Q,2026-08-11 01:01:00 UTC,383,0,TRANSFER,55
CALL-00001273,CUST-00073,,8dc8fd565332be93001e5559496793219a5d7595f9d6fc533b3de4b707ccd9e8,18005551234,voice,RETENTION-Q,2026-08-11 01:12:00 UTC,0,0,VOICEMAIL,0
CALL-00001274,CUST-00074,AGT-0034,261d6133c42506ebbc43e91a5a724b95e088d673674f8451fdeabd023c3792d7,18005555678,chat,BILLING-Q,2026-08-11 01:23:00 UTC,0,0,CALLBACK_SCHEDULED,0
CALL-00001275,CUST-00075,AGT-0035,e68e0a2fc5afc1521129d7af656abc6db1aa6a2b80be01106b1373f2a018cfdd,18885550100,callback,TECH-Q,2026-08-11 01:34:00 UTC,422,38,ANSWERED,70
CALL-00001276,CUST-00076,AGT-0036,0f078c3e921e3e06b308dd902934b81eb27c159622f930f837576148f10e21bb,18885550200,voice,SALES-Q,2026-08-11 01:45:00 UTC,435,45,ANSWERED,75
CALL-00001277,CUST-00077,AGT-0037,16e319f7e5a78f3285139e70baa52753820e4b6d60395c83ea66b265a9fd3e8f,18005551234,voice,SUPPORT-Q,2026-08-11 01:56:00 UTC,448,52,ANSWERED,80
CALL-00001278,CUST-00078,,2b95a5c69fa120edb5a22b9f9d975f23f976517b32a364253e7f46da75961b83,18005555678,voice,RETENTION-Q,2026-08-11 02:07:00 UTC,0,0,ABANDONED,0
CALL-00001279,CUST-00079,AGT-0039,5d2cd6385d507429b96bbc74eb43af7612c3cb0dac19b62db1d53c4f92606c8b,18885550100,chat,BILLING-Q,2026-08-11 02:18:00 UTC,474,0,TRANSFER,0
CALL-00001280,CUST-00080,,e657589d6e5a49e2c4694ebbbd3b5220baee38494e2af2bee79fa5e11acfb1f5,18885550200,callback,TECH-Q,2026-08-11 02:29:00 UTC,0,0,VOICEMAIL,0
CALL-00001281,CUST-00081,AGT-0001,19feb8b45c90653b6110e2db7b6317756c2d7a99548046e71cc319b8a4ddf7f2,18005551234,voice,SALES-Q,2026-08-11 02:40:00 UTC,0,0,CALLBACK_SCHEDULED,0
CALL-00001282,CUST-00082,AGT-0002,928c04b000f1fe651aeb2e9cb549819cea232f1ed4a1ef6155b1c9eb766dcceb,18005555678,voice,SUPPORT-Q,2026-08-11 02:51:00 UTC,513,87,ANSWERED,15
CALL-00001283,CUST-00083,AGT-0003,48fea51ac8d1b70dfd3e347b3597bd9b4406654bf3a402c3a633741ebc02f828,18885550100,voice,RETENTION-Q,2026-08-11 03:02:00 UTC,526,94,ANSWERED,20
CALL-00001284,CUST-00084,AGT-0004,074fae38729a5d8732ead3faf9fe7fbb2a1ed842b50e26204a3f34ce168bd81d,18885550200,chat,BILLING-Q,2026-08-11 03:13:00 UTC,539,101,ANSWERED,25
CALL-00001285,CUST-00085,,0838675264be0cb24c4ccf4c229812b292b90b63a6b526e6d67cab49392b2ee7,18005551234,callback,TECH-Q,2026-08-11 03:24:00 UTC,0,0,ABANDONED,0
CALL-00001286,CUST-00086,AGT-0006,ae4fba5915f27770bad453cf697b3698e85c3d776e39b15bf61b8f7ab9afa2e1,18005555678,voice,SALES-Q,2026-08-11 03:35:00 UTC,565,0,TRANSFER,35
CALL-00001287,CUST-00087,,452370151332ae24b0c861127850346126639e0425ad5e862a6659e9ec63a3f8,18885550100,voice,SUPPORT-Q,2026-08-11 03:46:00 UTC,0,0,VOICEMAIL,0
CALL-00001288,CUST-00088,AGT-0008,f682188b4711ff7111ca9a74f82dfc7ce99e4318bda62ec0da0968b63ede858d,18885550200,voice,RETENTION-Q,2026-08-11 03:57:00 UTC,0,0,CALLBACK_SCHEDULED,0
CALL-00001289,CUST-00089,AGT-0009,8440b8ea90f49b26a271fd122a80a75cd2b08661e4c3348dffd71cf1038b7c77,18005551234,chat,BILLING-Q,2026-08-11 04:08:00 UTC,604,16,ANSWERED,50
CALL-00001290,CUST-00090,AGT-0010,9b3bbed76b44836f2b0241ce863b58f2d8755e9cc2cb177f825fc0585210f5ef,18005555678,callback,TECH-Q,2026-08-11 04:19:00 UTC,617,23,ANSWERED,55
CALL-00001291,CUST-00091,AGT-0011,0cc0f6883a40f84d9b31c119133baacd804f5770be8b75d9961be528f5c32206,18885550100,voice,SALES-Q,2026-08-11 04:30:00 UTC,630,30,ANSWERED,60
CALL-00001292,CUST-00092,,5312797e86452e12674a8c198b042c9089958e5877e76575a7f5cdcbbed21c7d,18885550200,voice,SUPPORT-Q,2026-08-11 04:41:00 UTC,0,0,ABANDONED,0
CALL-00001293,CUST-00093,AGT-0013,13d3739013888b96c0d2ab9bbc4c54a2f821818676793575823aa60c7d9ac9b1,18005551234,voice,RETENTION-Q,2026-08-11 04:52:00 UTC,656,0,TRANSFER,70
CALL-00001294,CUST-00094,,8ece7c8210ef5ba63dbb974803dfd5294bf305c33d5eeaab562f2a4aa29ba442,18005555678,chat,BILLING-Q,2026-08-11 05:03:00 UTC,0,0,VOICEMAIL,0
CALL-00001295,CUST-00095,AGT-0015,d25bb819ff9532532a044e8bed3ceedfb7d59de1fc5ca8bf7b1d04799d3e523c,18885550100,callback,TECH-Q,2026-08-11 05:14:00 UTC,0,0,CALLBACK_SCHEDULED,0
CALL-00001296,CUST-00096,AGT-0016,a6d0c53ca5eabf72d05787cd998fbac70f303d65c33f285fea3b7903ffe559bd,18885550200,voice,SALES-Q,2026-08-11 05:25:00 UTC,695,65,ANSWERED,85
CALL-00001297,CUST-00097,AGT-0017,3e96c4a8a83918cadfbb4c43e0c9426af1ad7c77c8e613db78810390de685f4b,18005551234,voice,SUPPORT-Q,2026-08-11 05:36:00 UTC,708,72,ANSWERED,0
CALL-00001298,CUST-00098,AGT-0018,bc3ed371a57fe58472e8b565ac4885dfa19e5d21e18e6fef7ad73e0e2348f5fc,18005555678,voice,RETENTION-Q,2026-08-11 05:47:00 UTC,721,79,ANSWERED,5
CALL-00001299,CUST-00099,,f3c7e3cfd1bad39bf129bd4086ef4c9de5cec4718c79d07febcca0d3b8e3cab9,18885550100,chat,BILLING-Q,2026-08-11 05:58:00 UTC,0,0,ABANDONED,0
CALL-00001300,CUST-00100,AGT-0020,c50f96d658f977fb5b702c57a34baca4b9325a29ddb137f722783a19fa65fc0f,18885550200,callback,TECH-Q,2026-08-11 06:09:00 UTC,747,0,TRANSFER,15
CALL-00001301,CUST-00101,,c750c2c5e3d00014600f00f451724b2ae3dc537b299e314a96e76e80367f54f7,18005551234,voice,SALES-Q,2026-08-11 06:20:00 UTC,0,0,VOICEMAIL,0
CALL-00001302,CUST-00102,AGT-0022,bab6e5096952d13cd8ba5e777b8b2be9748c870b817ae7e40f02b3464b77efe5,18005555678,voice,SUPPORT-Q,2026-08-11 06:31:00 UTC,0,0,CALLBACK_SCHEDULED,0
CALL-00001303,CUST-00103,AGT-0023,d7156a588bf5297e037b1009243f86d6a1ea6145fb426a6bf42b4c3371e1d5d2,18885550100,voice,RETENTION-Q,2026-08-11 06:42:00 UTC,786,114,ANSWERED,30
CALL-00001304,CUST-00104,AGT-0024,a9fbf3741d03320126cbfb898a38fa7017302ca12320636a791762ff746b4f90,18885550200,chat,BILLING-Q,2026-08-11 06:53:00 UTC,799,1,ANSWERED,35
CALL-00001305,CUST-00105,AGT-0025,c4561e1d2bcdb83b4897bd705487fbfef744d76606f781ddcf179da5da4407f5,18005551234,callback,TECH-Q,2026-08-11 07:04:00 UTC,812,8,ANSWERED,40
CALL-00001306,CUST-00106,,6dcfaf9d2d03479f5ff18e8546ae9f17aa2a8f67a7e1eef673d638ab3a3f16c9,18005555678,voice,SALES-Q,2026-08-11 07:15:00 UTC,0,0,ABANDONED,0
CALL-00001307,CUST-00107,AGT-0027,fc1419423913a050a7cdccdb9443e9bde159c90f041748ae6fadd70dff5fb07b,18885550100,voice,SUPPORT-Q,2026-08-11 07:26:00 UTC,838,0,TRANSFER,50
CALL-00001308,CUST-00108,,55972a0aaa603d282560ca10901e9884a79333351d4f78f801aa36f6fa946700,18885550200,voice,RETENTION-Q,2026-08-11 07:37:00 UTC,0,0,VOICEMAIL,0
CALL-00001309,CUST-00109,AGT-0029,fa74c111a7bf316a6d54fb5b3c6f0c4807e9a50d6945f72f7d48032c6eaa136a,18005551234,chat,BILLING-Q,2026-08-11 07:48:00 UTC,0,0,CALLBACK_SCHEDULED,0
CALL-00001310,CUST-00110,AGT-0030,9caef8c85644ac5d333ddc34571c9ea50ec52dbd4eab724d70386bebbce4b5bb,18005555678,callback,TECH-Q,2026-08-11 07:59:00 UTC,877,43,ANSWERED,65
CALL-00001311,CUST-00111,AGT-0031,40ed50872c5d5bf1a136ad930044629f12bb9795f966225548e6d8ff4087d128,18885550100,voice,SALES-Q,2026-08-11 08:10:00 UTC,890,50,ANSWERED,70
CALL-00001312,CUST-00112,AGT-0032,42c4e17bdaff527310f5afe13ec12f33ad87c4a492eb797da790e4c1157a64a8,18885550200,voice,SUPPORT-Q,2026-08-11 08:21:00 UTC,903,57,ANSWERED,75
CALL-00001313,CUST-00113,,c9ab4ad836632bf1ff958bf7c104279ace14a6855e683ab86d8f7c5f4d9aa630,18005551234,voice,RETENTION-Q,2026-08-11 08:32:00 UTC,0,0,ABANDONED,0
CALL-00001314,CUST-00114,AGT-0034,227606c589ab2ceed593c0583d585d025b07b08e0a31add4bed649cb1561a0cf,18005555678,chat,BILLING-Q,2026-08-11 08:43:00 UTC,929,0,TRANSFER,85
CALL-00001315,CUST-00115,,81f0307b4f56d5ab0f9fcd0cfd4a2f644010df4c760560d0ae035b89037c5b7b,18885550100,callback,TECH-Q,2026-08-11 08:54:00 UTC,0,0,VOICEMAIL,0
CALL-00001316,CUST-00116,AGT-0036,e276538f137b97a3fc27961e878b6090a02a4f9d90ad622ed2c30c948639d226,18885550200,voice,SALES-Q,2026-08-11 09:05:00 UTC,0,0,CALLBACK_SCHEDULED,0
CALL-00001317,CUST-00117,AGT-0037,205bfd38b3ebf4a0dc36af7f176370becc4e8e199e129b966329676695ec58e5,18005551234,voice,SUPPORT-Q,2026-08-11 09:16:00 UTC,68,92,ANSWERED,10
CALL-00001318,CUST-00118,AGT-0038,d71add3741822c71e6af2388be62b8d9fa98fb1064c419c03446f8eaed8d2e6b,18005555678,voice,RETENTION-Q,2026-08-11 09:27:00 UTC,81,99,ANSWERED,15
CALL-00001319,CUST-00119,AGT-0039,545b25f1ad6f7849a1468add9028baf695a4755da3a2fb355d63fbf540992a92,18885550100,chat,BILLING-Q,2026-08-11 09:38:00 UTC,94,106,ANSWERED,20
CALL-00001320,CUST-00120,,96f8fe197ec370223c300273dd0f46796d5ab9eb9babaaf0baa5909cf5299c4a,18885550200,callback,TECH-Q,2026-08-11 09:49:00 UTC,0,0,ABANDONED,0
CALL-00001321,CUST-00121,AGT-0001,e73682dab2f28889762220902baf669baa9a0069d57f5d49a49610381af2b208,18005551234,voice,SALES-Q,2026-08-11 10:00:00 UTC,120,0,TRANSFER,30
CALL-00001322,CUST-00122,,fd6b78eb007edeab834d14349b881813f0fe24495215f12eec188181db5a2224,18005555678,voice,SUPPORT-Q,2026-08-11 10:11:00 UTC,0,0,VOICEMAIL,0
CALL-00001323,CUST-00123,AGT-0003,0205d4fcec0d7580793ebc8350ba2d11313aa5b6364281a395e64d51e0285b59,18885550100,voice,RETENTION-Q,2026-08-11 10:22:00 UTC,0,0,CALLBACK_SCHEDULED,0
CALL-00001324,CUST-00124,AGT-0004,781b863a41fa6861ca9947a34cfe472962d0bdb4dd0a62dc5ae114f6a2b658b8,18885550200,chat,BILLING-Q,2026-08-11 10:33:00 UTC,159,21,ANSWERED,45
CALL-00001325,CUST-00125,AGT-0005,9da6a923ce64f754004048c2a68159fc0c88b8e93bc828d61aa1ea0de5339186,18005551234,callback,TECH-Q,2026-08-11 10:44:00 UTC,172,28,ANSWERED,50
CALL-00001326,CUST-00126,AGT-0006,f811bd9e89fb511f417cbc0c8c03dfeed5ef9c18e52ac786d644de2545411158,18005555678,voice,SALES-Q,2026-08-11 10:55:00 UTC,185,35,ANSWERED,55
CALL-00001327,CUST-00127,,27c155a751d9a46d71aeaf1c266913bfaa9ab794ee781f743f296d6febb080c1,18885550100,voice,SUPPORT-Q,2026-08-11 11:06:00 UTC,0,0,ABANDONED,0
CALL-00001328,CUST-00128,AGT-0008,535ac97808eb93772ee9825a86ba644df15272d52b20b46d3397d2e16cd8ee5b,18885550200,voice,RETENTION-Q,2026-08-11 11:17:00 UTC,211,0,TRANSFER,65
CALL-00001329,CUST-00129,,afeb78af111c129427b2ae8b5d548ff8c3f12babb2fa049ba3e5fd9f111b0889,18005551234,chat,BILLING-Q,2026-08-11 11:28:00 UTC,0,0,VOICEMAIL,0
CALL-00001330,CUST-00130,AGT-0010,6037d6d06731e950d723308e16e66b9ad4aabd2af833a2860f605c557298603d,18005555678,callback,TECH-Q,2026-08-11 11:39:00 UTC,0,0,CALLBACK_SCHEDULED,0
CALL-00001331,CUST-00131,AGT-0011,85de7f9442eb80d7e685a742308c5d0cf7c297313fd043a189bdd0279ee9d78b,18885550100,voice,SALES-Q,2026-08-11 11:50:00 UTC,250,70,ANSWERED,80
CALL-00001332,CUST-00132,AGT-0012,097b15f548e89e6b1265abc5c401c46eea7f3fd4ea9650b05bbf965efa6f0e5b,18885550200,voice,SUPPORT-Q,2026-08-11 12:01:00 UTC,263,77,ANSWERED,85
CALL-00001333,CUST-00133,AGT-0013,5e335bf123ff454fd61577f4e921c2caddce470bc81866d849aaaa145ee86fa0,18005551234,voice,RETENTION-Q,2026-08-11 12:12:00 UTC,276,84,ANSWERED,0
CALL-00001334,CUST-00134,,5964d3edb17df4831992aaeeb6b91d7f4613b84f45314df7d8b9b9b6f33866eb,18005555678,chat,BILLING-Q,2026-08-11 12:23:00 UTC,0,0,ABANDONED,0
CALL-00001335,CUST-00135,AGT-0015,5b0bc4687e301e200ba04b23493efbf35305181bcbdf048cd5f3ff962ea90b54,18885550100,callback,TECH-Q,2026-08-11 12:34:00 UTC,302,0,TRANSFER,10
CALL-00001336,CUST-00136,,bb427daecbcc887d819c9c2ced1e81819e44c0fd952f0e9aad72d94421714772,18885550200,voice,SALES-Q,2026-08-11 12:45:00 UTC,0,0,VOICEMAIL,0
CALL-00001337,CUST-00137,AGT-0017,0b0bea00de4d2295a528811068197e93c697a9252f58278341df8930a1633dc7,18005551234,voice,SUPPORT-Q,2026-08-11 12:56:00 UTC,0,0,CALLBACK_SCHEDULED,0
CALL-00001338,CUST-00138,AGT-0018,cfb4025bc919b86c821393f73452d1f3044159011f9193fa0d2a17132fba3ebe,18005555678,voice,RETENTION-Q,2026-08-11 13:07:00 UTC,341,119,ANSWERED,25
CALL-00001339,CUST-00139,AGT-0019,f808a43876ed1da7f9e87155240bd9d695b94da7c4a5fe25c134a456118c16e7,18885550100,chat,BILLING-Q,2026-08-11 13:18:00 UTC,354,6,ANSWERED,30
CALL-00001340,CUST-00140,AGT-0020,70b4af7cfec172ed4e641b58522eb34bf8ac64f35cc8426bde9f2fa9a8938f6c,18885550200,callback,TECH-Q,2026-08-11 13:29:00 UTC,367,13,ANSWERED,35
CALL-00001341,CUST-00141,,7198dffac9982ad3a48f87ca75bbe6632f8b3085ef7ef42c09a84792cb8de47b,18005551234,voice,SALES-Q,2026-08-11 13:40:00 UTC,0,0,ABANDONED,0
CALL-00001342,CUST-00142,AGT-0022,84141a128a96eeabe3d0717c29da7d4343f62986802e01c5a784d63801ad3906,18005555678,voice,SUPPORT-Q,2026-08-11 13:51:00 UTC,393,0,TRANSFER,45
CALL-00001343,CUST-00143,,a64ed6ac9be3557505655ecf16196a2d9c11bb63e02bf17fb1f2d5fa79c8c244,18885550100,voice,RETENTION-Q,2026-08-11 14:02:00 UTC,0,0,VOICEMAIL,0
CALL-00001344,CUST-00144,AGT-0024,10dfc04d0d036b0b53194745db1fa9e51cb9f18d98784ae0443e597c7d08f869,18885550200,chat,BILLING-Q,2026-08-11 14:13:00 UTC,0,0,CALLBACK_SCHEDULED,0
CALL-00001345,CUST-00145,AGT-0025,499934738429ca07939f9abcb9bd6a64e09d9d9ee97be102081a0c2fe033d207,18005551234,callback,TECH-Q,2026-08-11 14:24:00 UTC,432,48,ANSWERED,60
CALL-00001346,CUST-00146,AGT-0026,ca13e3449ff30d83444fc784a229c4c30e75954eb4018e7804ba8dfac07132b9,18005555678,voice,SALES-Q,2026-08-11 14:35:00 UTC,445,55,ANSWERED,65
CALL-00001347,CUST-00147,AGT-0027,dd059360cdc958017132dfe5b5e2e288accf47d5efabb63e2ce0159101d49354,18885550100,voice,SUPPORT-Q,2026-08-11 14:46:00 UTC,458,62,ANSWERED,70
CALL-00001348,CUST-00148,,31bc4222f199143a77ed16fd828835165e5d11257e71fca766208fdf392646ba,18885550200,voice,RETENTION-Q,2026-08-11 14:57:00 UTC,0,0,ABANDONED,0
CALL-00001349,CUST-00149,AGT-0029,334806c306a73f290517e6ef8198282d01da2c027c7af69eaf73b15f8c5a6047,18005551234,chat,BILLING-Q,2026-08-11 15:08:00 UTC,484,0,TRANSFER,80
CALL-00001350,CUST-00150,,4285621712f8ece4b4f2e52ccdfd2935a17a75eab9d05e9813e718e9a5e05f42,18005555678,callback,TECH-Q,2026-08-11 15:19:00 UTC,0,0,VOICEMAIL,0
CALL-00001351,CUST-00151,AGT-0031,f74b49a12f87783bf893bb55104041e79807175fded972549d2539c0fe744af9,18885550100,voice,SALES-Q,2026-08-11 15:30:00 UTC,0,0,CALLBACK_SCHEDULED,0
CALL-00001352,CUST-00152,AGT-0032,9c74c07990b07c9735099a5950e2b3974eac06c362a88b6b0baf1bc2d9a82980,18885550200,voice,SUPPORT-Q,2026-08-11 15:41:00 UTC,523,97,ANSWERED,5
CALL-00001353,CUST-00153,AGT-0033,3bc9696ed5a3788f98474af6da496a483b3a23c78f77ce43b29231e6b78467aa,18005551234,voice,RETENTION-Q,2026-08-11 15:52:00 UTC,536,104,ANSWERED,10
CALL-00001354,CUST-00154,AGT-0034,b90d3393bb08d4b1e4901cdd1ea0b716b34843654ee16fb009a4b41d14a3288b,18005555678,chat,BILLING-Q,2026-08-11 16:03:00 UTC,549,111,ANSWERED,15
CALL-00001355,CUST-00155,,f9e33e00c1906bfb6b34b5962b336781d570b1747ec0d009e3bf844fa7c2a649,18885550100,callback,TECH-Q,2026-08-11 16:14:00 UTC,0,0,ABANDONED,0
CALL-00001356,CUST-00156,AGT-0036,3da93bfafe168c048cab39652486545c2088a728651fb3f8d040b5a1547e18d3,18885550200,voice,SALES-Q,2026-08-11 16:25:00 UTC,575,0,TRANSFER,25
CALL-00001357,CUST-00157,,d5db0f03b5e7c7fcc9ab156c1d91223ffad384e62738cd583c8b3558000c0cb4,18005551234,voice,SUPPORT-Q,2026-08-11 16:36:00 UTC,0,0,VOICEMAIL,0
CALL-00001358,CUST-00158,AGT-0038,c62ae1abc013f092b1dd88be51c1c2c8773a17d49bfee3185191fa1a7a810181,18005555678,voice,RETENTION-Q,2026-08-11 16:47:00 UTC,0,0,CALLBACK_SCHEDULED,0
CALL-00001359,CUST-00159,AGT-0039,d3290173f8a8d9b25ab96d9a32e8954d2857085a7dc33a278d4e42d39c10aa01,18885550100,chat,BILLING-Q,2026-08-11 16:58:00 UTC,614,26,ANSWERED,40
CALL-00001360,CUST-00160,AGT-0040,f6c49eb058100b12468486d8a0c8d3bd2ba0a02c6cab7b8f067d58fde3e84bbe,18885550200,callback,TECH-Q,2026-08-11 17:09:00 UTC,627,33,ANSWERED,45
CALL-00001361,CUST-00161,AGT-0001,57d4e0c8ab4cde9c3670332caf01476fcbc382ede8148195b5b05fe3678f184e,18005551234,voice,SALES-Q,2026-08-11 17:20:00 UTC,640,40,ANSWERED,50
CALL-00001362,CUST-00162,,a32c299e8aad0d7ce8ea326dbd1510ff28db55dcea670534bc4fb1031f5a10b0,18005555678,voice,SUPPORT-Q,2026-08-11 17:31:00 UTC,0,0,ABANDONED,0
CALL-00001363,CUST-00163,AGT-0003,7a07419b69bf4a0ae4f75cceb53443d0a13d80b29fa1cc3c9c3ec9a08f130c7e,18885550100,voice,RETENTION-Q,2026-08-11 17:42:00 UTC,666,0,TRANSFER,60
CALL-00001364,CUST-00164,,daadedfe918d9658627ce4ff8eba01387e1995d7a89507e163e0eee321277320,18885550200,chat,BILLING-Q,2026-08-11 17:53:00 UTC,0,0,VOICEMAIL,0
CALL-00001365,CUST-00165,AGT-0005,157ef3d4250de68e25f47c638664733fb602d2c3a1348ca9eb838d8bfbfea693,18005551234,callback,TECH-Q,2026-08-11 18:04:00 UTC,0,0,CALLBACK_SCHEDULED,0
CALL-00001366,CUST-00166,AGT-0006,4426d63ce33b197e76d40e301a3af2c9d320e14185c7d87502061dc7cf756cdd,18005555678,voice,SALES-Q,2026-08-11 18:15:00 UTC,705,75,ANSWERED,75
CALL-00001367,CUST-00167,AGT-0007,27c45e2afeacd8be6cb1c160eca8b6f3ff7a29de0af117f50e9d20f4521d4b92,18885550100,voice,SUPPORT-Q,2026-08-11 18:26:00 UTC,718,82,ANSWERED,80
CALL-00001368,CUST-00168,AGT-0008,f089abb1428b3e082fd76161f32c7c6d83152d7e159cec7596d396b6010cd4ae,18885550200,voice,RETENTION-Q,2026-08-11 18:37:00 UTC,731,89,ANSWERED,85
CALL-00001369,CUST-00169,,082a12d3d7b0def337f27f38fa83bff75052e36905e12c51964e9dc873052929,18005551234,chat,BILLING-Q,2026-08-11 18:48:00 UTC,0,0,ABANDONED,0
CALL-00001370,CUST-00170,AGT-0010,c874e63dc62002feed818d2bd9584ccc18f338693d8b8c9a623a672920552aac,18005555678,callback,TECH-Q,2026-08-11 18:59:00 UTC,757,0,TRANSFER,5
CALL-00001371,CUST-00171,,09dc3df37e54efea97e0e8a40e6235ad9dcfd20b26745ad518d8691e97cfb2bd,18885550100,voice,SALES-Q,2026-08-11 19:10:00 UTC,0,0,VOICEMAIL,0
CALL-00001372,CUST-00172,AGT-0012,5e69760d949c639ccec7ce9f8119e23fa250837a95733115e23a6d2feb963f70,18885550200,voice,SUPPORT-Q,2026-08-11 19:21:00 UTC,0,0,CALLBACK_SCHEDULED,0
CALL-00001373,CUST-00173,AGT-0013,d14ca06df5b5b315ef3a797e15a9d69c20efa7f8d5347ef346014e4a395cdaaa,18005551234,voice,RETENTION-Q,2026-08-11 19:32:00 UTC,796,4,ANSWERED,20
CALL-00001374,CUST-00174,AGT-0014,f9c80440aa7b0e6b0342a4c3c930886f9afa354428f76a24a1246a035bfe8528,18005555678,chat,BILLING-Q,2026-08-11 19:43:00 UTC,809,11,ANSWERED,25
CALL-00001375,CUST-00175,AGT-0015,41ab6d966d1bf3362d96c0a2a14530763d4dc1e6e4188a0e25e6f3ec8c213192,18885550100,callback,TECH-Q,2026-08-11 19:54:00 UTC,822,18,ANSWERED,30
CALL-00001376,CUST-00176,,cf304840d7e84e3e7b4a9dc938dd4658d30467a8676b73566fb35ea233ab9c64,18885550200,voice,SALES-Q,2026-08-11 20:05:00 UTC,0,0,ABANDONED,0
CALL-00001377,CUST-00177,AGT-0017,7346e21b437a2b42b21fd2422569779577690efd46502be1890c9b5f60508a91,18005551234,voice,SUPPORT-Q,2026-08-11 20:16:00 UTC,848,0,TRANSFER,40
CALL-00001378,CUST-00178,,afc8964494332a50374a5754ea7426abae3eac3d0b2eb1564b3d308a7750615b,18005555678,voice,RETENTION-Q,2026-08-11 20:27:00 UTC,0,0,VOICEMAIL,0
CALL-00001379,CUST-00179,AGT-0019,0f9f83a53d2d098abed58f89cc633269151a44f029c9310280887de541a21171,18885550100,chat,BILLING-Q,2026-08-11 20:38:00 UTC,0,0,CALLBACK_SCHEDULED,0
CALL-00001380,CUST-00180,AGT-0020,32cd490cd71f70d72131408ecb3a0f72e22781c4ed3b9b57ab9592a4335ab0b0,18885550200,callback,TECH-Q,2026-08-11 20:49:00 UTC,887,53,ANSWERED,55
CALL-00001381,CUST-00181,AGT-0021,03ee31e43737a4632ef0c718591e00e866a708579910ab9bce2af1a229873b37,18005551234,voice,SALES-Q,2026-08-11 21:00:00 UTC,900,60,ANSWERED,60
CALL-00001382,CUST-00182,AGT-0022,4ac9af8af509316b24f6e8c602e0b42f1ecb0b38e9cb9a834d784cf0672fccdc,18005555678,voice,SUPPORT-Q,2026-08-11 21:11:00 UTC,913,67,ANSWERED,65
CALL-00001383,CUST-00183,,4087a0e96b339479d12879f717b2480eb1add1943acaba7ffe4207c2c9ac507d,18885550100,voice,RETENTION-Q,2026-08-11 21:22:00 UTC,0,0,ABANDONED,0
CALL-00001384,CUST-00184,AGT-0024,b675121fa611ec516c6a0e476de20cd7c662a2274bf49c45ed980a012ed4bfd2,18885550200,chat,BILLING-Q,2026-08-11 21:33:00 UTC,939,0,TRANSFER,75
CALL-00001385,CUST-00185,,bbfee21be38ef9f86724b935b5f4bc0a2127d3647c9879a7444840683e90f1a0,18005551234,callback,TECH-Q,2026-08-11 21:44:00 UTC,0,0,VOICEMAIL,0
CALL-00001386,CUST-00186,AGT-0026,db24649951f072037ccb691b24e707da308d1c60eedcbfab3a6aba7ed5399791,18005555678,voice,SALES-Q,2026-08-11 21:55:00 UTC,0,0,CALLBACK_SCHEDULED,0
CALL-00001387,CUST-00187,AGT-0027,66d454448deb30ffb20e93357e211746726a5cc419ea047392473b95989ee7dd,18885550100,voice,SUPPORT-Q,2026-08-11 22:06:00 UTC,78,102,ANSWERED,0
CALL-00001388,CUST-00188,AGT-0028,3921f80d71ec9dadaf67c566c68249aba62a86345d444e7b9445bacfa93874d1,18885550200,voice,RETENTION-Q,2026-08-11 22:17:00 UTC,91,109,ANSWERED,5
CALL-00001389,CUST-00189,AGT-0029,bfe2ae7f8e5b2670d8c63f990a05a75ed34b0ff325d751bed47dedf19045c879,18005551234,chat,BILLING-Q,2026-08-11 22:28:00 UTC,104,116,ANSWERED,10
CALL-00001390,CUST-00190,,cf6f2ef2c5209d7281db1813732d5735f17ca5609d93e732c1276a600dd1e5bc,18005555678,callback,TECH-Q,2026-08-11 22:39:00 UTC,0,0,ABANDONED,0
CALL-00001391,CUST-00191,AGT-0031,d16598c3d7ebeeb0a8e35030b81f4c3fa6ca1c3991e11f94ae5fb08aa5fc4049,18885550100,voice,SALES-Q,2026-08-11 22:50:00 UTC,130,0,TRANSFER,20
CALL-00001392,CUST-00192,,53c0d47fe1f72f5f68d6b6aa993724815f188ac015af19fcbd2e0a67103763aa,18885550200,voice,SUPPORT-Q,2026-08-11 23:01:00 UTC,0,0,VOICEMAIL,0
CALL-00001393,CUST-00193,AGT-0033,e566560e7d85fad5c9b0e229a3f77b97a1f40b5f3806d4ac364c6fa7f98d892c,18005551234,voice,RETENTION-Q,2026-08-11 23:12:00 UTC,0,0,CALLBACK_SCHEDULED,0
CALL-00001394,CUST-00194,AGT-0034,d3a6abf9e18386ddb1d8b5f0f26ee1d844b45c1d20b34d79cfeec25f02758991,18005555678,chat,BILLING-Q,2026-08-11 23:23:00 UTC,169,31,ANSWERED,35
CALL-00001395,CUST-00195,AGT-0035,cf614704b492ed5a1511874c7a974b98e4e71e86e92d2ae7df40314e4ca68ceb,18885550100,callback,TECH-Q,2026-08-11 23:34:00 UTC,182,38,ANSWERED,40
CALL-00001396,CUST-00196,AGT-0036,8264ce2b8056a7899b6709fdaa28b63c9dadfadf280673b4db59b9e14309bce1,18885550200,voice,SALES-Q,2026-08-11 23:45:00 UTC,195,45,ANSWERED,45
CALL-00001397,CUST-00197,,6695f7769a1f04bb0a4204a0a8166ae613baf05a477dce8374ae3d657cbd31dd,18005551234,voice,SUPPORT-Q,2026-08-11 23:56:00 UTC,0,0,ABANDONED,0
CALL-00001398,CUST-00198,AGT-0038,64dc6fde4477dc705dd93a1f266c62f8d8e39f070ecb07d299b79b0d99db2ebb,18005555678,voice,RETENTION-Q,2026-08-12 00:07:00 UTC,221,0,TRANSFER,55
CALL-00001399,CUST-00199,,c2922b6f812e662c75fb114aaf207a81ed9e0215ffd30b5f7b14be534ca8b432,18885550100,chat,BILLING-Q,2026-08-12 00:18:00 UTC,0,0,VOICEMAIL,0
CALL-00001400,CUST-00200,AGT-0040,3a970d31c71d4b82aafe5df13e200600fb64cf4c3b3e41feb54369c76d8f6bd5,18885550200,callback,TECH-Q,2026-08-12 00:29:00 UTC,0,0,CALLBACK_SCHEDULED,0
CALL-00001401,CUST-00201,AGT-0001,cfc719cc83909e2a19dd6864e218d71f54e982e0a70db5d682def2057bc1fbd6,18005551234,voice,SALES-Q,2026-08-12 00:40:00 UTC,260,80,ANSWERED,70
CALL-00001402,CUST-00202,AGT-0002,9d1f896cecdaa7a853ee2b84ebd61986b118b3a3b1aae0d2154dc8b1b04c5199,18005555678,voice,SUPPORT-Q,2026-08-12 00:51:00 UTC,273,87,ANSWERED,75
CALL-00001403,CUST-00203,AGT-0003,28ebb3084e4a3d2103efa079c9e110a6708bd2ddfeaa6155abd7065c06bcefca,18885550100,voice,RETENTION-Q,2026-08-12 01:02:00 UTC,286,94,ANSWERED,80
CALL-00001404,CUST-00204,,5405c9be025f91c56c5ae7f24bb9ba7ba3d0511d61df6d5af480c1e4796a610c,18885550200,chat,BILLING-Q,2026-08-12 01:13:00 UTC,0,0,ABANDONED,0
CALL-00001405,CUST-00205,AGT-0005,7d31a5a0e6146f708af72245bd48c692da77b6d29c55e4230768b29e67028335,18005551234,callback,TECH-Q,2026-08-12 01:24:00 UTC,312,0,TRANSFER,0
CALL-00001406,CUST-00206,,9a05acedd1be51078a590b30795af67aeee722ab99c52065d7d1a6e02ade1a12,18005555678,voice,SALES-Q,2026-08-12 01:35:00 UTC,0,0,VOICEMAIL,0
CALL-00001407,CUST-00207,AGT-0007,e0577f14c69b5c5de3b7f317bde2c972e5a046809df1ed1106fbfe73e94cd894,18885550100,voice,SUPPORT-Q,2026-08-12 01:46:00 UTC,0,0,CALLBACK_SCHEDULED,0
CALL-00001408,CUST-00208,AGT-0008,01c6593d638a1a6affd06922181c56b41852724507b38832053389affcabe4c1,18885550200,voice,RETENTION-Q,2026-08-12 01:57:00 UTC,351,9,ANSWERED,15
CALL-00001409,CUST-00209,AGT-0009,567ba7459f2ff94ccc031596eb7ca18d3beb70b6f5d1dbfa3b5a8a80bd8d175b,18005551234,chat,BILLING-Q,2026-08-12 02:08:00 UTC,364,16,ANSWERED,20
CALL-00001410,CUST-00210,AGT-0010,eaba04e5351aef75f0d5d1f41c179ad705a719d37a120cceba9eeada65d9e422,18005555678,callback,TECH-Q,2026-08-12 02:19:00 UTC,377,23,ANSWERED,25
CALL-00001411,CUST-00211,,158796628eab0a05b7967a0fb452a0878ffe40c68d805fdcd43b59b7a17fba95,18885550100,voice,SALES-Q,2026-08-12 02:30:00 UTC,0,0,ABANDONED,0
CALL-00001412,CUST-00212,AGT-0012,6988a18a3f30dfd1df1726e3a465351a7d28af00391634950d0c092eb3af8edc,18885550200,voice,SUPPORT-Q,2026-08-12 02:41:00 UTC,403,0,TRANSFER,35
CALL-00001413,CUST-00213,,c9ca83c83275078563968603ed2130078f00027d35f7eec17ae9339aa607edcb,18005551234,voice,RETENTION-Q,2026-08-12 02:52:00 UTC,0,0,VOICEMAIL,0
CALL-00001414,CUST-00214,AGT-0014,85bcb1ac8d55acc03d8838a2b0e540af7311b35abcebef48f0086fb72f0a4817,18005555678,chat,BILLING-Q,2026-08-12 03:03:00 UTC,0,0,CALLBACK_SCHEDULED,0
CALL-00001415,CUST-00215,AGT-0015,34141ee3b775e945e87ec83160ee82c9ad2d4152337145283d462636df376f28,18885550100,callback,TECH-Q,2026-08-12 03:14:00 UTC,442,58,ANSWERED,50
CALL-00001416,CUST-00216,AGT-0016,bdd879fb890263737ffff03df99e28433b26659481fedbc13214901c8bd5cf03,18885550200,voice,SALES-Q,2026-08-12 03:25:00 UTC,455,65,ANSWERED,55
CALL-00001417,CUST-00217,AGT-0017,4a2404cb5d3d8d3b1ee694402de0e40979e4204be26c929fdc3f68a9cc5d8ad7,18005551234,voice,SUPPORT-Q,2026-08-12 03:36:00 UTC,468,72,ANSWERED,60
CALL-00001418,CUST-00218,,eeb8a0e8255f42bac203d640779c3648c405fce2e0720eb4aa486ad08c1aab0b,18005555678,voice,RETENTION-Q,2026-08-12 03:47:00 UTC,0,0,ABANDONED,0
CALL-00001419,CUST-00219,AGT-0019,326a0fa98685d95404e6a93a55b0f1c17e30a631795768f3f8bb311cfa6c1bc6,18885550100,chat,BILLING-Q,2026-08-12 03:58:00 UTC,494,0,TRANSFER,70
CALL-00001420,CUST-00220,,e49aecdc75b1efe602756e5ee3bceca7d0ea8bcd7420c146c8d561d4c79a8328,18885550200,callback,TECH-Q,2026-08-12 04:09:00 UTC,0,0,VOICEMAIL,0
CALL-00001421,CUST-00221,AGT-0021,3fcbf4b7a05d576370fa391389924a6c4913d9e4512fed6100a369ff0bccc9da,18005551234,voice,SALES-Q,2026-08-12 04:20:00 UTC,0,0,CALLBACK_SCHEDULED,0
CALL-00001422,CUST-00222,AGT-0022,1266ffffa29c4573bc500ee8d46d4e1a7a873131cdbd142460b8bc3d090bcdc8,18005555678,voice,SUPPORT-Q,2026-08-12 04:31:00 UTC,533,107,ANSWERED,85
CALL-00001423,CUST-00223,AGT-0023,f2bd4775e3aa70789770b9d38b00ae2f20f02c4382f83d690b9779ad05c7d7c9,18885550100,voice,RETENTION-Q,2026-08-12 04:42:00 UTC,546,114,ANSWERED,0
CALL-00001424,CUST-00224,AGT-0024,b1e48e9dcb3d73c0de258d240c3bf72e9e38afb64a799fe26cdaeeee81a1869c,18885550200,chat,BILLING-Q,2026-08-12 04:53:00 UTC,559,1,ANSWERED,5
CALL-00001425,CUST-00225,,7fe220c12f6df8a9c04df2a02411336166d3aea113f7cd6c551acf25a2386582,18005551234,callback,TECH-Q,2026-08-12 05:04:00 UTC,0,0,ABANDONED,0
CALL-00001426,CUST-00226,AGT-0026,11c696b322a868c2c80be0467ec28d974d855dba0f81b6bb86c2273532dae656,18005555678,voice,SALES-Q,2026-08-12 05:15:00 UTC,585,0,TRANSFER,15
CALL-00001427,CUST-00227,,93b8b35ae533d92b7f8ed59c6984ede776ca93920beaecd97fea28cd67a05974,18885550100,voice,SUPPORT-Q,2026-08-12 05:26:00 UTC,0,0,VOICEMAIL,0
CALL-00001428,CUST-00228,AGT-0028,a697688c69b04fd08c0a53eb465df3ef16ee8afbfc443cafb35cee01bcc3a5ae,18885550200,voice,RETENTION-Q,2026-08-12 05:37:00 UTC,0,0,CALLBACK_SCHEDULED,0
CALL-00001429,CUST-00229,AGT-0029,f7f406823b9ab38d6ff89f634ce213b940e9202c4f4548f9548c7cb7e8cf37d3,18005551234,chat,BILLING-Q,2026-08-12 05:48:00 UTC,624,36,ANSWERED,30
CALL-00001430,CUST-00230,AGT-0030,bdf394196b9ae433790b5dcf65e8164d6ce719d8842263762f4551dde382dd92,18005555678,callback,TECH-Q,2026-08-12 05:59:00 UTC,637,43,ANSWERED,35
CALL-00001431,CUST-00231,AGT-0031,027ca8109ad2548b8ba14d416e268ccb36549cc96f7ad92ac0b3b4183cfd5b0c,18885550100,voice,SALES-Q,2026-08-12 06:10:00 UTC,650,50,ANSWERED,40
CALL-00001432,CUST-00232,,70945b361289436405c7a24df0edd4ffd76cc0c9ae0ce16836593dbd9e5c51e9,18885550200,voice,SUPPORT-Q,2026-08-12 06:21:00 UTC,0,0,ABANDONED,0
CALL-00001433,CUST-00233,AGT-0033,9f0b7bf9ad633825ca19738c0e6247984341585fc3b974ac06fbf74db134158e,18005551234,voice,RETENTION-Q,2026-08-12 06:32:00 UTC,676,0,TRANSFER,50
CALL-00001434,CUST-00234,,31cccd6a2d095d3f5e8124f070c9f39b11596c9193aac8d860662ad0625213ea,18005555678,chat,BILLING-Q,2026-08-12 06:43:00 UTC,0,0,VOICEMAIL,0
CALL-00001435,CUST-00235,AGT-0035,bfff7892c0d717be03dacfcb0cb9565a7609f39ed09e5360789a543cd15f5681,18885550100,callback,TECH-Q,2026-08-12 06:54:00 UTC,0,0,CALLBACK_SCHEDULED,0
CALL-00001436,CUST-00236,AGT-0036,8ebb1b430b089711f1960384959b193b80d1134d189258603393313364ee4242,18885550200,voice,SALES-Q,2026-08-12 07:05:00 UTC,715,85,ANSWERED,65
CALL-00001437,CUST-00237,AGT-0037,93614588c2ee98a6e3ff62fbf0cfb2da8a44318a47c6f1605358277322560e64,18005551234,voice,SUPPORT-Q,2026-08-12 07:16:00 UTC,728,92,ANSWERED,70
CALL-00001438,CUST-00238,AGT-0038,91e653afbbbabe5f5d19b7a73c9123a570bab89a84fd13807bf9d672ccdb1867,18005555678,voice,RETENTION-Q,2026-08-12 07:27:00 UTC,741,99,ANSWERED,75
CALL-00001439,CUST-00239,,550755515e3a2220c86fd476327d2800034318e85006c8824ee41c923e39aa69,18885550100,chat,BILLING-Q,2026-08-12 07:38:00 UTC,0,0,ABANDONED,0
CALL-00001440,CUST-00240,AGT-0040,99c2983709630d0bfbaf98793b1a1deb388fb5978f1695efad05e540a33ed106,18885550200,callback,TECH-Q,2026-08-12 07:49:00 UTC,767,0,TRANSFER,85
CALL-00001441,CUST-00241,,0596ef3945fc9074c30e94dd9ab670e1e77ddd58c56ddfc088176d2db042ba9e,18005551234,voice,SALES-Q,2026-08-12 08:00:00 UTC,0,0,VOICEMAIL,0
CALL-00001442,CUST-00242,AGT-0002,6272582f6ea8437290691e5b79596e3f376dd593d241109a6403240ac8e53fd5,18005555678,voice,SUPPORT-Q,2026-08-12 08:11:00 UTC,0,0,CALLBACK_SCHEDULED,0
CALL-00001443,CUST-00243,AGT-0003,982c6df61c376b94a4500de07610b4f4ede4549d4d86c6c0ae137a05288cf40f,18885550100,voice,RETENTION-Q,2026-08-12 08:22:00 UTC,806,14,ANSWERED,10
CALL-00001444,CUST-00244,AGT-0004,9ecbea7b1403af4a98a8379a3b9f3a74ce73161dbe7a1282539ecad25d5ba129,18885550200,chat,BILLING-Q,2026-08-12 08:33:00 UTC,819,21,ANSWERED,15
CALL-00001445,CUST-00245,AGT-0005,1478866a4fabeb3af325c359ac9d27d34e220ff3f60697c82e0a0dd3a378b3e3,18005551234,callback,TECH-Q,2026-08-12 08:44:00 UTC,832,28,ANSWERED,20
CALL-00001446,CUST-00246,,7e22670f53dfd6a1bb9157c369b458c04c1171ae09fec0065b02f6a05f7fd442,18005555678,voice,SALES-Q,2026-08-12 08:55:00 UTC,0,0,ABANDONED,0
CALL-00001447,CUST-00247,AGT-0007,1ebe574420b3fe4702f133d4548bbdd99fd8fb67d537ac7871277ccfb8d40293,18885550100,voice,SUPPORT-Q,2026-08-12 09:06:00 UTC,858,0,TRANSFER,30
CALL-00001448,CUST-00248,,20a3c78d3c05f2a0b3cdae6404cf29fb2033c8dd35798b23ebf26941c81572b3,18885550200,voice,RETENTION-Q,2026-08-12 09:17:00 UTC,0,0,VOICEMAIL,0
CALL-00001449,CUST-00249,AGT-0009,d4bb9d61e5da7e0dd818e3294fef52744992cfb53bbf9f668eaf0315b99efe56,18005551234,chat,BILLING-Q,2026-08-12 09:28:00 UTC,0,0,CALLBACK_SCHEDULED,0
CALL-00001450,CUST-00250,AGT-0010,609b3b3fe4ff1066e54b97c8e0bb2f6d40ee5c7945e3c487493a71a972947f8d,18005555678,callback,TECH-Q,2026-08-12 09:39:00 UTC,897,63,ANSWERED,45
CALL-00001451,CUST-00251,AGT-0011,cd04d3f38d08a4343dc1198d18fa1741707dd1febcc53b119e87e24b1d42e06d,18885550100,voice,SALES-Q,2026-08-12 09:50:00 UTC,910,70,ANSWERED,50
CALL-00001452,CUST-00252,AGT-0012,350df38ca0292f0b3e55b3db23d13b7aea1e488c14aa90e2c00a003dab453683,18885550200,voice,SUPPORT-Q,2026-08-12 10:01:00 UTC,923,77,ANSWERED,55
CALL-00001453,CUST-00253,,8c0e89a934c5f913752ec1d1ff8de6f65ff991af1e5f3850cddf294a2d43ad7e,18005551234,voice,RETENTION-Q,2026-08-12 10:12:00 UTC,0,0,ABANDONED,0
CALL-00001454,CUST-00254,AGT-0014,3375b4832889d9bd314da881cce5ac922403d0a3efa6f4549a8a549fabf00bb9,18005555678,chat,BILLING-Q,2026-08-12 10:23:00 UTC,949,0,TRANSFER,65
CALL-00001455,CUST-00255,,51c3565804af57d76e4a6b318a96c1b20345a9bc5877f08944c82abc3094478e,18885550100,callback,TECH-Q,2026-08-12 10:34:00 UTC,0,0,VOICEMAIL,0
CALL-00001456,CUST-00256,AGT-0016,ee708fa07a0c8aa319a85e7c496bd965e221607b8f35e033d9007fef048cd7b2,18885550200,voice,SALES-Q,2026-08-12 10:45:00 UTC,0,0,CALLBACK_SCHEDULED,0
CALL-00001457,CUST-00257,AGT-0017,208ea27be6d0e41919c30d7983aa5dbc523f13540f52e5afd4e83740200a0ce2,18005551234,voice,SUPPORT-Q,2026-08-12 10:56:00 UTC,88,112,ANSWERED,80
CALL-00001458,CUST-00258,AGT-0018,ad4c30673e217968aee60e1dfd668b78ddca2ab64b799c804c961a3d96619d13,18005555678,voice,RETENTION-Q,2026-08-12 11:07:00 UTC,101,119,ANSWERED,85
CALL-00001459,CUST-00259,AGT-0019,2f727009f832f9bdb5b65d7e9ac1436bff9501d92efcae94877bfc15738a0007,18885550100,chat,BILLING-Q,2026-08-12 11:18:00 UTC,114,6,ANSWERED,0
CALL-00001460,CUST-00260,,30ad19d9d1dafa5db9c1a5a4008cfb57996f9532b385c733e407ef982d3832bc,18885550200,callback,TECH-Q,2026-08-12 11:29:00 UTC,0,0,ABANDONED,0
CALL-00001461,CUST-00261,AGT-0021,8896642a423d691c10748eaac9bfae2568d84b9f0f0df8331f3567ff7608b197,18005551234,voice,SALES-Q,2026-08-12 11:40:00 UTC,140,0,TRANSFER,10
CALL-00001462,CUST-00262,,2b9d604cb93ca2a9200bb5ed03db3283ed42d4050ac838e6c2117735cdd8b78c,18005555678,voice,SUPPORT-Q,2026-08-12 11:51:00 UTC,0,0,VOICEMAIL,0
CALL-00001463,CUST-00263,AGT-0023,f905f711058730c19754e2b3e9bfb4d73bef5f736e57b98fde7b6dd833d444e7,18885550100,voice,RETENTION-Q,2026-08-12 12:02:00 UTC,0,0,CALLBACK_SCHEDULED,0
CALL-00001464,CUST-00264,AGT-0024,e2d49633ceb99c559fe2e38d5bc991c44cdacd2b0712a8d8d0b4c09b7eb95b97,18885550200,chat,BILLING-Q,2026-08-12 12:13:00 UTC,179,41,ANSWERED,25
CALL-00001465,CUST-00265,AGT-0025,95c1dbcaf2de805c88141e543f2ee62432034fbd293277c4484f3735df8a4afc,18005551234,callback,TECH-Q,2026-08-12 12:24:00 UTC,192,48,ANSWERED,30
CALL-00001466,CUST-00266,AGT-0026,499decf1145e7c44b147c48a5596c92b35f75c9426533131e8b0406f09452c69,18005555678,voice,SALES-Q,2026-08-12 12:35:00 UTC,205,55,ANSWERED,35
CALL-00001467,CUST-00267,,f852abc9146d2cf147d9a8802709a5f64c449f1e2b7d2e4e21404a8d0b2f6268,18885550100,voice,SUPPORT-Q,2026-08-12 12:46:00 UTC,0,0,ABANDONED,0
CALL-00001468,CUST-00268,AGT-0028,376f82b5058c934685744dd37125553d5089fd2e6b556872d2f6ae19eed8e86b,18885550200,voice,RETENTION-Q,2026-08-12 12:57:00 UTC,231,0,TRANSFER,45
CALL-00001469,CUST-00269,,6ed88422ee4833cc8c6d25328ec33134e18d7d1076aae08a47bb3e583e3b0e16,18005551234,chat,BILLING-Q,2026-08-12 13:08:00 UTC,0,0,VOICEMAIL,0
CALL-00001470,CUST-00270,AGT-0030,e1daa8db2a0f0c1649c92297d6ca3e3efcb45b2f8f07140fa1ad9b8410329eae,18005555678,callback,TECH-Q,2026-08-12 13:19:00 UTC,0,0,CALLBACK_SCHEDULED,0
CALL-00001471,CUST-00271,AGT-0031,ec1203efeb4901d35f0b98cf95532b2351260b7d53af829066c4531398395820,18885550100,voice,SALES-Q,2026-08-12 13:30:00 UTC,270,90,ANSWERED,60
CALL-00001472,CUST-00272,AGT-0032,9fd6b0172706899d270b240e7505cdbb65f14b50741a5a10ce9f9b8658ee4aca,18885550200,voice,SUPPORT-Q,2026-08-12 13:41:00 UTC,283,97,ANSWERED,65
CALL-00001473,CUST-00273,AGT-0033,90f2b242590bfed0243951c83195d5bdcc87d139164760180b37409de79e0fbd,18005551234,voice,RETENTION-Q,2026-08-12 13:52:00 UTC,296,104,ANSWERED,70
CALL-00001474,CUST-00274,,c3acfc29508fba709ed535bad5f33edecb3d589fcb7c55d3d25ae693e8746558,18005555678,chat,BILLING-Q,2026-08-12 14:03:00 UTC,0,0,ABANDONED,0
CALL-00001475,CUST-00275,AGT-0035,eeae0cc2871d290f292cac481e898e6db6d8733f3fc25bb20fe0b874588a6849,18885550100,callback,TECH-Q,2026-08-12 14:14:00 UTC,322,0,TRANSFER,80
CALL-00001476,CUST-00276,,b377b3817a9fd65efdd75651593c326fe368a6198ca600187b6f9fe7e2a84611,18885550200,voice,SALES-Q,2026-08-12 14:25:00 UTC,0,0,VOICEMAIL,0
CALL-00001477,CUST-00277,AGT-0037,d30a660ed83e606696ca460cd9faa89ba869d531d69253c2addb5535a70ffdb8,18005551234,voice,SUPPORT-Q,2026-08-12 14:36:00 UTC,0,0,CALLBACK_SCHEDULED,0
CALL-00001478,CUST-00278,AGT-0038,72f694db5226aa8bd7e1a070a7e696790584589cd30262295a0b13bf2dfe7db8,18005555678,voice,RETENTION-Q,2026-08-12 14:47:00 UTC,361,19,ANSWERED,5
CALL-00001479,CUST-00279,AGT-0039,02108044c3c5711f398f929b13f6b9ce95e1450e5b293da5524e1424cf9010bb,18885550100,chat,BILLING-Q,2026-08-12 14:58:00 UTC,374,26,ANSWERED,10
CALL-00001480,CUST-00280,AGT-0040,4e5e9e4cb625b645be5cf2fa97bec2fa9b1b0f6cdceb20e9211debbac407a75f,18885550200,callback,TECH-Q,2026-08-12 15:09:00 UTC,387,33,ANSWERED,15
CALL-00001481,CUST-00281,,173386d112da5ebc48cd8e863208c191fb8e8bb1984ce218b7eac51357ad2439,18005551234,voice,SALES-Q,2026-08-12 15:20:00 UTC,0,0,ABANDONED,0
CALL-00001482,CUST-00282,AGT-0002,75ddbf2160f1df7c55fffffa7930b9a82f8e2c5b3f61da08b86719e8d9ba91c2,18005555678,voice,SUPPORT-Q,2026-08-12 15:31:00 UTC,413,0,TRANSFER,25
CALL-00001483,CUST-00283,,c03b54d2e9a9284c529d33a0f92f6d4d298459459b71cb117ac42421cd94ebec,18885550100,voice,RETENTION-Q,2026-08-12 15:42:00 UTC,0,0,VOICEMAIL,0
CALL-00001484,CUST-00284,AGT-0004,f226f119baaf2e0e0396d0e2bfcfb794a0243f818094a3498b5655e0c19c913f,18885550200,chat,BILLING-Q,2026-08-12 15:53:00 UTC,0,0,CALLBACK_SCHEDULED,0
CALL-00001485,CUST-00285,AGT-0005,d35fbdc66711bb2edce5bd204346198d7b76972dfb24df03b773caf045814254,18005551234,callback,TECH-Q,2026-08-12 16:04:00 UTC,452,68,ANSWERED,40
CALL-00001486,CUST-00286,AGT-0006,f66f4891b14f6ef2c45cda6d487d20056b371a926a7cafff77566393f015c48b,18005555678,voice,SALES-Q,2026-08-12 16:15:00 UTC,465,75,ANSWERED,45
CALL-00001487,CUST-00287,AGT-0007,c99a4a05b279ec0f75f93f3af2de9133eddbe83ef7dba28952b104a263053ca8,18885550100,voice,SUPPORT-Q,2026-08-12 16:26:00 UTC,478,82,ANSWERED,50
CALL-00001488,CUST-00288,,239b3e45e5fd860f2b6b739debce0696f9a5d480b629eb5b7bce67b5cf91e8fe,18885550200,voice,RETENTION-Q,2026-08-12 16:37:00 UTC,0,0,ABANDONED,0
CALL-00001489,CUST-00289,AGT-0009,48e86d4984f85f3fba84191cf77b73d0f8f23475a6d59ab5148821c217b7f55f,18005551234,chat,BILLING-Q,2026-08-12 16:48:00 UTC,504,0,TRANSFER,60
CALL-00001490,CUST-00290,,b21f975b179eaa14e5851388d7cf560e82fe16ab0d46cfa1cb6c48677e849758,18005555678,callback,TECH-Q,2026-08-12 16:59:00 UTC,0,0,VOICEMAIL,0
CALL-00001491,CUST-00291,AGT-0011,42fe55e0a77cb68ba14baadce95b734270f62d4560a263d1669526cfa009cec6,18885550100,voice,SALES-Q,2026-08-12 17:10:00 UTC,0,0,CALLBACK_SCHEDULED,0
CALL-00001492,CUST-00292,AGT-0012,065e79c5083d58d20c899e695f1ff3df9a16f32c45fb4d3227ee8a99f88d4248,18885550200,voice,SUPPORT-Q,2026-08-12 17:21:00 UTC,543,117,ANSWERED,75
CALL-00001493,CUST-00293,AGT-0013,a46731a7a0871ff010efe7ffe870baf0e7224cd0c89d3fa440a97635ca99a674,18005551234,voice,RETENTION-Q,2026-08-12 17:32:00 UTC,556,4,ANSWERED,80
CALL-00001494,CUST-00294,AGT-0014,92ed63c83814ee009e65c32b0782f59fd2b0b8691e0131cc2f54d7d2466e83b2,18005555678,chat,BILLING-Q,2026-08-12 17:43:00 UTC,569,11,ANSWERED,85
CALL-00001495,CUST-00295,,fd8ac51aa9f9b445d9c09dd95f597a8463373b36c0eb55e065ed95d6d4847d83,18885550100,callback,TECH-Q,2026-08-12 17:54:00 UTC,0,0,ABANDONED,0
CALL-00001496,CUST-00296,AGT-0016,29475fd50181987925cc532c3c4091f471a8ec8e0d021104aa51cefdc2f094f5,18885550200,voice,SALES-Q,2026-08-12 18:05:00 UTC,595,0,TRANSFER,5
CALL-00001497,CUST-00297,,c9ab28e6b4536066c3dd4dc997ec936660fdb88645a9639803773fd098f0f5c1,18005551234,voice,SUPPORT-Q,2026-08-12 18:16:00 UTC,0,0,VOICEMAIL,0
CALL-00001498,CUST-00298,AGT-0018,bce54a577c34faad6cead5c849d757338ef65f5f10a1865a53881d01c877f061,18005555678,voice,RETENTION-Q,2026-08-12 18:27:00 UTC,0,0,CALLBACK_SCHEDULED,0
CALL-00001499,CUST-00299,AGT-0019,8e45d82bdce6abe24cc03c15f4ce9c6a1231f23b09c543d35ce506e63bf33859,18885550100,chat,BILLING-Q,2026-08-12 18:38:00 UTC,634,46,ANSWERED,20
CALL-00001500,CUST-00300,AGT-0020,6a581a939b620d9bf2b96e9b61c88ab48dd74a839002b8715b35cacccb239070,18885550200,callback,TECH-Q,2026-08-12 18:49:00 UTC,647,53,ANSWERED,25
